,source,author,title,description,url,publishedAt,content
0,"{'id': None, 'name': 'Biztoc.com'}",thestreet.com,One tech startup has found a solution to in-person work,As much as 2021 was synonymous with an enormous surge in fully remote work — with at least one person working remotely in around 40% of U.S. households — the past several months have seen the beginnings of a reversion of that trend. Goldman Sachs wants its pe…,https://biztoc.com/x/9a75cf0635c15ca3,2023-11-05T13:10:15Z,As much as 2021 was synonymous with an enormous surge in fully remote work with at least one person working remotely in around 40% of U.S. households the past several months have seen the beginnings … [+298 chars]
1,"{'id': None, 'name': ""Investor's Business Daily""}",Investor's Business Daily,Dow Jones Futures: What To Do After Big Market Rally; Warren Buffett Still Selling Stocks,Warren Buffett's Berkshire reported strong earnings and a record cash pile.,https://www.investors.com/market-trend/stock-market-today/dow-jones-futures-after-big-market-rally-warren-buffett-berkshire-nvidia-in-focus/,2023-11-05T12:44:39Z,"Dow Jones futures will open Sunday evening, along with S&amp;P 500 futures and Nasdaq futures. Warren Buffett's Berkshire Hathaway (BRKB) reported a big jump in operating profit Saturday.
XThe stock… [+10425 chars]"
2,"{'id': None, 'name': 'Applech2.com'}",applech2,AmazonでSatechiのMacBook Pro (14/16インチ)用ハードシェルケースやiMac 24インチ用スリムドックなどがセール中。,"AmazonでがSatechiのMacBook Pro (14/16インチ)用ハードシェルケースやiMac 24インチ用スリムドックなどがセールとなっています。詳細は以下から。 　Amazonでは本日2023年11月0 […]
The post AmazonでSatechiのMacBook Pro (14/16インチ)用ハードシェルケースやiMac 24インチ用スリムドックなどがセール中。 first appeared on AAPL Ch..",https://applech2.com/archives/20231105-satechi-fashion-and-home-sale.html,2023-11-05T09:13:08Z,"AmazonSatechiMacBook Pro (14/16)iMac 24
Amazon20231105Fashion HomeSatechiMacBook Pro (14/16)iMac 24
Satechi Eco 5,999 4,864
Thunderbolt 4USB4MacBook Pro 14/16
Satechi 24 iMac USB-C 19,679 12,791… [+264 chars]"
3,"{'id': None, 'name': 'Applech2.com'}",applech2,macOS 14.1 SonomaではWindow Serverのバグにより、Adobe PhotoshopやIllustratorのツールバー、その他アプリのツールがクリックできなくなる不具合があるので注意を。,"macOS 14.1 SonomaではWindow Serverのバグにより、Adobe PhotoshopやIllustratorのツールバーがクリックできなくなる不具合があるので注意してください。詳細は以下から。 […]
The post macOS 14.1 SonomaではWindow Serverのバグにより、Adobe PhotoshopやIllustratorのツールバー、その他アプリのツールがクリックできなくなる不具合があるので注意を。 first appeared on AAPL Ch..",https://applech2.com/archives/20231105-macos-14-1-sonoma-click-issue.html,2023-11-05T08:43:57Z,"macOS 14.1 SonomaWindow ServerAdobe PhotoshopIllustrator
Apple20231025macOS 14.1 Sonoma
macOS 14.1 Sonoma
macOS 14.1 SonomaAdobe PhotoshopIllustratorxScopeAdobe
xScopemacOS/iOSThe IconfactoryCrai… [+341 chars]"
4,"{'id': None, 'name': 'Applech2.com'}",applech2,エレコム、macOS 14 Sonomaでジェスチャー機能を割り当てした際、アプリが強制終了する不具合を修正したマウス用ユーティリティ「マウスアシスタント v5.2.12.002」をリリース。,"エレコムがmacOS 14 Sonomaでジェスチャー機能を割り当てした際、アプリが強制終了する不具合を修正したマウス用ユーティリティ「マウスアシスタント v5.2.12.002」をリリースしています。詳細は以下から。 […]
The post エレコム、macOS 14 Sonomaでジェスチャー機能を割り当てした際、アプリが強制終了する不具合を修正したマウス用ユーティリティ「マウスアシスタント v5.2.12.002」をリリース。 first appeared on AAPL Ch..",https://applech2.com/archives/20231105-elecom-mouse-assistant-support-macos-14-sonoma.html,2023-11-05T07:02:58Z,"macOS 14 Sonoma v5.2.12.002
20231027 (Mac)v5.2.12.002macOS 14 Sonoma
macOS Sonoma(14)
v5.2.12.002macOS 14 Sonomagesture"
5,"{'id': None, 'name': 'ETF Daily News'}",MarketBeat News,Apple’s (AAPL) “Outperform” Rating Reaffirmed at Wedbush,"Wedbush reaffirmed their outperform rating on shares of Apple (NASDAQ:AAPL – Free Report) in a research report released on Wednesday, Benzinga reports. They currently have a $240.00 price target on the iPhone maker’s stock. A number of other analysts also rec…",https://www.etfdailynews.com/2023/11/05/apples-aapl-outperform-rating-reaffirmed-at-wedbush/,2023-11-05T05:24:42Z,"Wedbush reaffirmed their outperform rating on shares of Apple (NASDAQ:AAPL – Free Report) in a research report released on Wednesday, Benzinga reports. They currently have a $240.00 price target on t… [+6304 chars]"
6,"{'id': None, 'name': 'Biztoc.com'}",marketwatch.com,Epic Games is the latest to take on Google in court over antitrust charges,"The maker of the popular videogame “Fortnite,” which battled Apple Inc. AAPL, in federal court on similar grounds in 2021, is set to open arguments in a jury trial expected to last several weeks starting Nov. 6 in San Francisco. It claims Alphabet Inc.’s GOOG…",https://biztoc.com/x/984833d48fd86a0c,2023-11-04T18:22:07Z,"The maker of the popular videogame Fortnite, which battled Apple Inc. AAPL, in federal court on similar grounds in 2021, is set to open arguments in a jury trial expected to last several weeks starti… [+293 chars]"
7,"{'id': None, 'name': 'Biztoc.com'}",marketwatch.com,Why today's 'Magnificent Seven' stocks have mediocre long-term prospects at best,"“ “Whoever coined the expression ‘Magnificent Seven’ for these companies presumably didn’t see the movie.”” We have no idea which companies will dominate the stock market a decade from now — the “Magnificent Seven” of 2033, in other words. But we have a good …",https://biztoc.com/x/695e7df798b707af,2023-11-04T17:32:07Z,Whoever coined the expression Magnificent Seven for these companies presumably didnt see the movie.We have no idea which companies will dominate the stock market a decade from now the Magnificent Sev… [+305 chars]
8,"{'id': None, 'name': 'Biztoc.com'}",investors.com,Apple Stock: iPhone Maker Forecasts Flat Sales,"After posting its fourth straight quarter of declining sales, Apple (AAPL) forecast flat sales for the holiday quarter. The news drove Apple stock lower on Friday. The Cupertino, Calif.-based company late Thursday beat expectations for its fiscal fourth quart…",https://biztoc.com/x/ce5fa01e6c8f865b,2023-11-04T16:48:12Z,"After posting its fourth straight quarter of declining sales, Apple (AAPL) forecast flat sales for the holiday quarter. The news drove Apple stock lower on Friday.The Cupertino, Calif.-based company … [+296 chars]"
9,"{'id': None, 'name': 'Biztoc.com'}",marketwatch.com,Why today's 'Magnificent Seven' stocks have mediocre long-term prospects at best,"“ “Whoever coined the expression ‘Magnificent Seven’ for these companies presumably didn’t see the movie.”” We have no idea which companies will dominate the stock market a decade from now — the “Magnificent Seven” of 2033, in other words. But we have a good …",https://biztoc.com/x/32599b6a10278496,2023-11-04T16:44:08Z,Whoever coined the expression Magnificent Seven for these companies presumably didnt see the movie.We have no idea which companies will dominate the stock market a decade from now the Magnificent Sev… [+305 chars]
10,"{'id': None, 'name': 'Overclockers.ru'}",CriptoB,"XRP имеет больший потенциал, чем акции Amazon, Apple и Netflix: мнение","Криптовалютный эксперт Панос Мекрас недавно поделился своим взглядом на инвестиционный потенциал XRP и его потенциалом в сравнении с акциями Amazon, Apple и Netflix",https://overclockers.ru/blog/CriptoB/show/118546/xrp-imeet-bolshij-potencial-chem-akcii-amazon-apple-i-netflix-mnenie,2023-11-04T15:50:29Z,"XRP - Amazon, Apple Netflix.
 , , , , , . Apple (AAPL), Amazon (AMZN) Netflix (NFLX), .
 , "" "" , . "" "", - .
 , , XRP. , , , .
"" , . , "", - .
 , XRP Avalanche (AVAX) , "" "" .
 , , ."
11,"{'id': None, 'name': 'Biztoc.com'}",benzinga.com,Jim Cramer Slams Wall Street’s Negative Outlook On Apple,"Jim Cramer on Friday reiterated his bullish stance on Apple Inc AAPL, stating that Wall Street analysts are overly pessimistic about the company. What Happened: Cramer highlighted Apple’s enduring customer base as a key reason for the stock’s stability. He vo…",https://biztoc.com/x/5afc3b7cc3236261,2023-11-04T15:42:13Z,"Jim Cramer on Friday reiterated his bullish stance on Apple Inc AAPL, stating that Wall Street analysts are overly pessimistic about the company.What Happened: Cramer highlighted Apples enduring cust… [+294 chars]"
12,"{'id': None, 'name': 'ETF Daily News'}",MarketBeat News,Apple (NASDAQ:AAPL) Releases Earnings Results,"Apple (NASDAQ:AAPL – Get Free Report) released its quarterly earnings data on Thursday. The iPhone maker reported $1.46 earnings per share for the quarter, beating analysts’ consensus estimates of $1.39 by $0.07, Briefing.com reports. The business had revenue…",https://www.etfdailynews.com/2023/11/04/apple-nasdaqaapl-releases-earnings-results/,2023-11-04T14:34:48Z,"Apple (NASDAQ:AAPL – Get Free Report) released its quarterly earnings data on Thursday. The iPhone maker reported $1.46 earnings per share for the quarter, beating analysts’ consensus estimates of $1… [+6014 chars]"
13,"{'id': None, 'name': 'ETF Daily News'}",MarketBeat News,Apple (NASDAQ:AAPL) Issues Quarterly Earnings Results,"Apple (NASDAQ:AAPL – Get Free Report) released its earnings results on Thursday. The iPhone maker reported $1.46 earnings per share for the quarter, topping analysts’ consensus estimates of $1.39 by $0.07, Briefing.com reports. The company had revenue of $89.…",https://www.etfdailynews.com/2023/11/04/apple-nasdaqaapl-issues-quarterly-earnings-results/,2023-11-04T14:34:48Z,"Apple (NASDAQ:AAPL – Get Free Report) released its earnings results on Thursday. The iPhone maker reported $1.46 earnings per share for the quarter, topping analysts’ consensus estimates of $1.39 by … [+6019 chars]"
14,"{'id': None, 'name': 'Investopedia'}",Kevin George,Berkshire Hathaway's Cash Hoard Hit a Record. Here Are 4 Earnings Highlights,"Berkshire Hathaway reported its third-quarter earnings, which saw it's biggest cash hoard to date and a 40% increase in operating income.",https://www.investopedia.com/berkshire-hathaway-q3-2023-earnings-8386838,2023-11-04T13:39:01Z,<ul><li>Berkshire Hathaway reported a third-quarter net loss of $12.77 billion.</li><li>Apples 12% fall over the quarter hurt the companys $350 billion stock portfolio.</li><li>The company's cash hoa… [+4326 chars]
15,"{'id': None, 'name': 'MarketWatch'}",MarketWatch,Buffett’s Berkshire Hathaway cash pile hits record $157 bln with deals scarce,Warren Buffett’s Berkshire Hathaway ended the third quarter with a record cash pile but reported a deeper overall loss due to weakness in the stock market.,https://www.marketwatch.com/story/buffetts-berkshire-hathaway-cash-pile-hits-record-157-bln-with-deals-scarce-02238c2a,2023-11-04T12:40:00Z,"Warren Buffetts Berkshire Hathaway ended the third quarter with a record cash pile and reported a deeper overall loss due to weakness in the stock market but operating earnings rose. The Omaha, Nebra… [+4615 chars]"
16,"{'id': None, 'name': ""Barron's""}",Andrew Bary,Berkshire Operating Profits Surged to Record $10.8 Billion in Latest Quarter,Warren Buffett's firm saw higher profits from its insurance business and more income from its huge cash holdings.,https://www.barrons.com/articles/berkshire-hathaway-earnings-stock-price-8f61fc76,2023-11-04T12:39:38Z,"Berkshire Hathaways
 operating earnings surged 40% to a record $10.8 billion after taxes in the third quarter. The figure beat Wall Street estimates on a per-share basis.The conglomerate headed by C… [+1877 chars]"
17,"{'id': None, 'name': 'ETF Daily News'}",MarketBeat News,Apple (NASDAQ:AAPL) Price Target Lowered to $195.00 at Jefferies Financial Group,"Apple (NASDAQ:AAPL – Free Report) had its price target reduced by Jefferies Financial Group from $220.00 to $195.00 in a research report released on Tuesday morning, Marketbeat Ratings reports. They currently have a buy rating on the iPhone maker’s stock. AAP…",https://www.etfdailynews.com/2023/11/04/apple-nasdaqaapl-price-target-lowered-to-195-00-at-jefferies-financial-group/,2023-11-04T09:06:42Z,"Apple (NASDAQ:AAPL – Free Report) had its price target reduced by Jefferies Financial Group from $220.00 to $195.00 in a research report released on Tuesday morning, Marketbeat Ratings reports. They … [+5895 chars]"
18,"{'id': None, 'name': 'Applech2.com'}",applech2,OWC、様々な動画フォーマットを利用しiPhoneの内部ストレージや接続された外部ストレージのデータ転送速度を検証できるiOSアプリ「OWC Drive Speed」をリリース。,"OWCが様々な動画フォーマットを利用しiPhoneの内部ストレージや接続された外部ストレージのデータ転送速度を検証できるiOSアプリ「OWC Drive Speed」をリリースしています。詳細は以下から。 　Apple […]
The post OWC、様々な動画フォーマットを利用しiPhoneの内部ストレージや接続された外部ストレージのデータ転送速度を検証できるiOSアプリ「OWC Drive Speed」をリリース。 first appeared on AAPL Ch..",https://applech2.com/archives/20231104-owc-drive-speed-for-iphone.html,2023-11-04T08:18:13Z,"OWCiPhoneiOSOWC Drive Speed
Apple20239Wonderlust. ()LightningUSB-CiPhone 15iPhone 15 Pro
iPhone 15USB-C480MbpsUSB 2.0iPhone 15 ProUSB-C10GbpsUSB 3USB 3.2 Gen 2iPhone 15 ProMac
OWC20231102iPhoneiPh… [+868 chars]"
19,"{'id': None, 'name': 'Applech2.com'}",applech2,米Anker、3Dオーディオやマルチポイント接続、短時間充電などに対応しイヤーフックを備えたオープンイヤー型のワイヤレスイヤホン「Soundcore AeroFit Pro」を発売。,"米Ankerが3Dオーディオやマルチポイント接続、短時間充電などに対応したオープンイヤー型のワイヤレスイヤホン「Soundcore AeroFit Pro」を発売しています。詳細は以下から。 　 米Ankerは現地時間 […]
The post 米Anker、3Dオーディオやマルチポイント接続、短時間充電などに対応しイヤーフックを備えたオープンイヤー型のワイヤレスイヤホン「Soundcore AeroFit Pro」を発売。 first appeared on AAPL Ch..",https://applech2.com/archives/20231103-soundcore-by-anker-aerofit-pro.html,2023-11-04T07:16:58Z,"Anker3DSoundcore AeroFit Pro
Anker20231101SoundcoreSoundcore AeroFitSoundcore AeroFit Pro
AeroFit Pro open-ear headphones utilize a non-intrusive design to eliminate discomfort and allow you to enj… [+411 chars]"
20,"{'id': None, 'name': 'Biztoc.com'}",investors.com,Stock Market Rally Picks Up Steam; This Cloud Security Stock Makes A New High,"October jobs numbers and other economic reports pushed stock market gains higher in afternoon trading on Friday, with all major indexes gaining momentum as the day went on. But Dow Jones component and tech bellwether Apple (AAPL) didn't partake in the party, …",https://biztoc.com/x/4c5538412b265a19,2023-11-04T06:12:06Z,"October jobs numbers and other economic reports pushed stock market gains higher in afternoon trading on Friday, with all major indexes gaining momentum as the day went on. But Dow Jones component an… [+286 chars]"
21,"{'id': None, 'name': 'Yahoo Entertainment'}",鉅亨網記者劉玟妤 台北,Fed利率連二凍、鴻海發聲明護股價、友達攜手錼創衝刺Micro LED 本周大事回顧,聯準會 (Fed) 周三 (1 日) 宣布暫停升息，基準利率走廊維持在 5.25% 至 5.5% 區間。鴻海股價跌跌不休，發聲明集團運作正常，籲外界對營運應有信心。友達與錼創合作，斥資 7 億建置 6 吋 Micro LED CoC 產線。,https://tw.stock.yahoo.com/news/fed%E5%88%A9%E7%8E%87%E9%80%A3%E4%BA%8C%E5%87%8D-%E9%B4%BB%E6%B5%B7%E7%99%BC%E8%81%B2%E6%98%8E%E8%AD%B7%E8%82%A1%E5%83%B9-%E5%8F%8B%E9%81%94%E6%94%9C%E6%89%8B%E9%8C%BC%E5%89%B5%E8%A1%9D%E5%88%BAmicro-led-%E6%9C%AC%E5%91%A8%E5%A4%A7%E4%BA%8B%E5%9B%9E%E9%A1%A7-080011579.html,2023-11-04T00:00:11Z,"(Fed) (1 ) 5.25% 5.5% 7 6 Micro LED CoC 
Fed 
 (Fed) (1 ) 5.25% 5.5% 2001 2 
 9 9 
(2317-TW) (30 ) 3 
 7 6 Micro LED CoC 
 (2409-TW) (31 ) - KY(6854-TW) 6 Micro LED Chip on Carrier(CoC) (Turnke… [+133 chars]"
22,"{'id': None, 'name': 'MarketWatch'}",MarketWatch Automation,"Company Close Updates: Peloton Interactive Inc. stock falls Friday, underperforms market","Shares of Peloton Interactive Inc. shed 4.05% to $5.21 Friday, on what proved to be an all-around positive trading session for the stock market, with the...",https://www.marketwatch.com/data-news/peloton-interactive-inc-stock-falls-friday-underperforms-market-4803b80f-3a3a5d0924fd,2023-11-03T21:35:10Z,"Shares of Peloton Interactive Inc. 
 PTON,
 -4.05%
shed 4.05% to $5.21 Friday, on what proved to be an all-around positive trading session for the stock market, with the NASDAQ Composite Index 
 … [+804 chars]"
23,"{'id': None, 'name': 'MarketWatch'}",MarketWatch Automation,"Company Close Updates: Paramount Global Cl B stock rises Friday, outperforms market","Shares of Paramount Global Cl B surged 15.44% to $13.76 Friday, on what proved to be an all-around positive trading session for the stock market, with the...",https://www.marketwatch.com/data-news/paramount-global-cl-b-stock-rises-friday-outperforms-market-c9de00c9-8db12a904794,2023-11-03T21:23:39Z,"Shares of Paramount Global Cl B 
 PARA,
 +15.44%
surged 15.44% to $13.76 Friday, on what proved to be an all-around positive trading session for the stock market, with the S&amp;P 500 Index 
 SPX… [+768 chars]"
24,"{'id': None, 'name': 'Libsyn.com'}",,Firing on All Cylinders Indeed,We’re seeing some big reactions to earnings results in tech and have a few reasons to think some beaten up names might be finding their footing. (00:19) Ron Gross and Matt Argersinger discuss: <ul> <li>Why interest rate and unemployment news helped stocksthis…,https://fool.libsyn.com/firing-on-all-cylinders-indeed,2023-11-03T20:33:00Z,"Were seeing some big reactions to earnings results in tech and have a few reasons to think some beaten up names might be finding their footing.
(00:19) Ron Gross and Matt Argersinger discuss:
<ul><… [+666 chars]"
25,"{'id': None, 'name': 'Investopedia'}",Staff Author,Apple Shares Fall Amid Concerns About China Sales But Analysts Say They're Overblown,"Apple shares lost ground Friday after the company's third-quarter earnings showed revenue declining with sales in China dropping, though some analysts suggest worries about Apple's sales in China may be overblown.",https://www.investopedia.com/apple-shares-fall-amid-concerns-about-china-sales-but-analysts-say-they-are-overblown-8387148,2023-11-03T20:04:02Z,"<ul><li>Apple shares fell 0.5% Friday after the tech company reported a decline in revenue and lower China sales than the same quarter last year.</li><li>However, some analysts suggested that investo… [+2422 chars]"
26,"{'id': None, 'name': 'Observer'}","Nhari Djan, Nhari Djan",Apple TV+ Is a Bright Spot in Apple’s Mixed Quarterly Earnings,"Apple's overall sales declined for the fourth consecutive quarter, but its subscription revenue reached a record high.",https://observer.com/2023/11/apple-quarterly-earnings-services-record-revenue/,2023-11-03T19:16:51Z,"Apple CEO Tim Cook attends Apple TV+’s “The Morning Show” world premiere at David Geffen Hall on October 28, 2019 in New York City. Roy Rochlin/WireImage
Apple (AAPL)reported earnings for the Septem… [+2467 chars]"
27,"{'id': None, 'name': '[Removed]'}",,[Removed],[Removed],https://removed.com,1970-01-01T00:00:00Z,[Removed]
28,"{'id': None, 'name': ""Barron's""}",Eric J. Savitz,Apple Needs a New Growth Strategy. The Stock Is Counting On It.,"Apple’s latest forecast was disappointing, but there’s a bigger concern for investors. The company still hasn’t spent any time talking about generative AI.",https://www.barrons.com/articles/apple-nvidia-stock-price-tech-earnings-478083ec,2023-11-03T18:40:26Z,"Apples
 latest quarterly report highlighted a concerning issue for the worlds most valued company: It simply isnt growing. And no one can say when the malaise will come to an end.In the latest quart… [+5517 chars]"
29,"{'id': None, 'name': '9to5Mac'}",Seth Kurkowski,"9to5Mac Daily: November 3, 2023 – AAPL Q4 earnings, big-screen iMac dreams","Listen to a recap of the top stories of the day from 9to5Mac. 9to5Mac Daily is available on iTunes and Apple’s Podcasts app, Stitcher, TuneIn, Google Play, or through our dedicated RSS feed for Overcast and other podcast players.



Sponsored by SimpleMDM: Ch…",https://9to5mac.com/2023/11/03/daily-november-3-2023/,2023-11-03T18:38:31Z,"Listen to a recap of the top stories of the day from 9to5Mac. 9to5Mac Daily is available on iTunes and Apples Podcasts app, Stitcher, TuneIn, Google Play, or through our dedicated RSS feed for Overca… [+941 chars]"
30,"{'id': None, 'name': 'MarketWatch'}",Zoe Han,Apple Savings isn’t such a hot deal anymore — unless you’re in this group,"Apple Savings could be losing its allure for rate chasers, but that might not be the case for younger consumers.",https://www.marketwatch.com/story/apple-savings-isnt-such-a-hot-deal-anymore-unless-youre-in-this-group-7be72c5d,2023-11-03T18:34:00Z,"Should you get yourself an Apple Savings account? The answer to this question has changed since Apple first rolled out the high-yield savings account.Apple 
 AAPL,
 -0.78%
Savings drew attention w… [+4522 chars]"
31,"{'id': None, 'name': 'MarketWatch'}","Cody Willard, , Bryce Smith",Revolution Investing: These tech stocks face a day of reckoning and they’re likely in your portfolio,Fabless semiconductor companies may be hit hard if they can't adapt to a major industry shift that's now underway.,https://www.marketwatch.com/story/these-tech-stocks-face-a-day-of-reckoning-and-theyre-likely-in-your-portfolio-4b94b392,2023-11-03T18:11:31Z,A seismic shift is happening in the semiconductor industry right now. This transformation is not merely a technological evolution; its a financial game-changer that will significantly impact the port… [+6343 chars]
32,"{'id': None, 'name': ""Investor's Business Daily""}",Investor's Business Daily,Stock Market Rally Picks Up Steam; This Cloud Security Stock Makes A New High,The stock market got a lift after the October jobs numbers and other economic reports.,https://www.investors.com/market-trend/stock-market-today/stock-market-celebrates-jobs-numbers-apple-slides-after-giving-this-outlook/,2023-11-03T17:50:14Z,"October jobs numbers and other economic reports pushed stock market gains higher in afternoon trading on Friday, with all major indexes gaining momentum as the day went on. But Dow Jones component an… [+6992 chars]"
33,"{'id': None, 'name': 'MarketWatch'}",Philip van Doorn,Top Ten: Here’s why you might not have to pay a 6% commission next time you sell a home,"Also: Advice on settling family real-estate conflicts, where bond investors are pouring money, the Fed's outlook, and stock-market warnings and opportunities.",https://www.marketwatch.com/story/heres-why-you-might-not-have-to-pay-a-6-commission-next-time-you-sell-a-home-be7dca42,2023-11-03T16:40:14Z,"Going back decades, if you wanted to buy or sell a stock on the open market, you had to pay a 2% commission to buy and a 2% commission to sell. Then the advent of discount brokerage, led by Charles S… [+7479 chars]"
34,"{'id': None, 'name': 'Thefly.com'}",,What You Missed On Wall Street This Morning,"See the rest of the story here.

thefly.com provides the latest financial news as it breaks. Known as a leader in market intelligence, The Fly's real-time, streaming news feed keeps individual investors, professional money managers, active traders, and corpor…",https://thefly.com/permalinks/entry.php/id3808248/AAPL;SQ;BKNG;QSR;MSFT;UBER;CFLT;OMCL;FOXA;FTNT;NFLX;NIO;MANU;WBD;UDMY;EDIT;RDFN;FIGS;FOXF;BILL;COIN;EXPE;PARA;DKNG;AMZN-What-You-Missed-On-Wall-Street-This-Morning,2023-11-03T16:00:15Z,"Get caught up quickly on the top news and calls moving stocks with these five Top Five lists. 
1. STOCK NEWS: 
<ul><li>Apple (AAPL) reported upbeat Q4 results, with year-over-year increases in iPho… [+3432 chars]"
35,"{'id': None, 'name': 'Macdailynews.com'}",MacDailyNews,Gene Munster: Apple’s doing better than it looks; China concerns were overblown,"Apple's December guidance is better than it looks when you set aside consensus, and focus on the business, which is growing about 7%…
The post Gene Munster: Apple’s doing better than it looks; China concerns were overblown appeared first on MacDailyNews.",https://macdailynews.com/2023/11/03/gene-munster-apples-doing-better-than-it-looks-china-concerns-were-overblown/,2023-11-03T15:39:36Z,"Apple’s December guidance is better than it looks when you set aside consensus, and focus on the business, which is growing about 7% in December compared to 1% in September, Deepwater’s Gene Munster … [+2007 chars]"
36,"{'id': None, 'name': 'MarketWatch'}",Philip van Doorn,Here’s why you might not have to pay a 6% commission next time you sell a home,"Also: Advice on settling family real-estate conflicts, where bond investors are pouring money, the Fed's outlook, and stock-market warnings and opportunities.",https://www.marketwatch.com/story/heres-why-you-might-not-have-to-pay-a-6-commission-next-time-you-sell-a-home-be7dca42,2023-11-03T15:38:00Z,"Going back decades, if you wanted to buy or sell a stock on the open market, you had to pay a 2% commission to buy and a 2% commission to sell. Then the advent of discount brokerage, led by Charles S… [+7479 chars]"
37,"{'id': None, 'name': 'ETF Daily News'}",MarketBeat News,Apple (NASDAQ:AAPL) Stock Rating Reaffirmed by Morgan Stanley,"Apple (NASDAQ:AAPL – Get Free Report)‘s stock had its “overweight” rating reissued by Morgan Stanley in a research note issued to investors on Friday, Benzinga reports. They presently have a $210.00 price target on the iPhone maker’s stock. Morgan Stanley’s p…",https://www.etfdailynews.com/2023/11/03/apple-nasdaqaapl-stock-rating-reaffirmed-by-morgan-stanley/,2023-11-03T14:28:50Z,"Apple (NASDAQ:AAPL – Get Free Report)‘s stock had its “overweight” rating reissued by Morgan Stanley in a research note issued to investors on Friday, Benzinga reports. They presently have a $210.00 … [+5837 chars]"
38,"{'id': None, 'name': 'CNBC'}",Jim Cramer,Jim Cramer's top 10 things to watch in the stock market Friday,"U.S. stocks climb higher in premarket trading Friday, as employment growth slows in October.",https://www.cnbc.com/2023/11/03/jim-cramers-top-10-things-to-watch-in-the-stock-market-friday.html,2023-11-03T13:16:15Z,"1. U.S. stocks climb higher in premarket trading Friday, with S&amp;P 500 futures up 0.46% after rising nearly 5% over the previous four sessions. Equities remain on track for their biggest weekly ga… [+3934 chars]"
39,"{'id': None, 'name': 'Biztoc.com'}",thestreet.com,Top Apple analysts react to post-earnings stock slide,"Wall Street did not seem to care that Apple's AAPL fourth-quarter results beat earnings and revenue estimates. The world's biggest tech company reported earnings of $1.46 per share, above estimates of $1.39, and total revenue of $89.5 billion, slightly above …",https://biztoc.com/x/f76f69cd55abc2ac,2023-11-03T13:14:47Z,"Wall Street did not seem to care that Apple's AAPL fourth-quarter results beat earnings and revenue estimates. The world's biggest tech company reported earnings of $1.46 per share, above estimates o… [+293 chars]"
40,"{'id': None, 'name': 'MarketWatch'}",Nathan Vardi,": Forget U.S. stocks for now. Invest here instead, says Bridgewater’s co-investment chief","In this interview, Karen Karniol-Tambour says U.S. stocks are ‘pricing in perfection.’ Bridgewater Associates’ co-chief investment officer lands on the MarketWatch 50 list of the most influential people in markets.",https://www.marketwatch.com/story/forget-u-s-stocks-for-now-invest-here-instead-says-bridgewaters-co-investment-chief-15d288f6,2023-11-03T13:08:56Z,"As co-chief investment officer of Bridgewater Associates, the worlds biggest hedge fund firm, Karen Karniol-Tambour scours global markets for good investment opportunities. Shes increasingly finding … [+3651 chars]"
41,"{'id': None, 'name': 'Biztoc.com'}",investors.com,Tech Futures Fall On Apple's Holiday Warning,"Dow Jones futures edged higher Friday morning, while S&P 500 futures and Nasdaq futures fell slightly. Apple (AAPL) headlined earnings reports overnight with the October jobs report due before the open. The stock market rally continued to roar Thursday, with …",https://biztoc.com/x/48a7062f83ef1036,2023-11-03T13:08:14Z,"Dow Jones futures edged higher Friday morning, while S&amp;P 500 futures and Nasdaq futures fell slightly. Apple (AAPL) headlined earnings reports overnight with the October jobs report due before th… [+297 chars]"
42,"{'id': None, 'name': 'Biztoc.com'}",finance.yahoo.com,"Stock market news today: Tech stocks slip amid Apple gloom, with jobs report on deck","Tech stocks retreated on Friday in the wake of disappointing results from Apple (AAPL), as investors waited for the monthly US jobs report that could test hopes that the Federal Reserve is done with its rate-hiking campaign. Futures on the tech-heavy Nasdaq 1…",https://biztoc.com/x/b4ddffd4828ac66e,2023-11-03T12:46:05Z,"Tech stocks retreated on Friday in the wake of disappointing results from Apple (AAPL), as investors waited for the monthly US jobs report that could test hopes that the Federal Reserve is done with … [+266 chars]"
43,"{'id': None, 'name': 'MarketWatch'}",Emily Bary,The Ratings Game: Apple shows its ‘massive battleship’ is getting tougher to move,"Apple's $89.5 billion in quarterly revenue is nothing to sneeze at, but it also illustrates some of the challenges of being a mature company.",https://www.marketwatch.com/story/apple-shows-its-massive-battleship-is-getting-tougher-to-move-9ea06bf3,2023-11-03T12:24:01Z,"Apple Inc.s $89.5 billion in quarterly revenue is nothing to sneeze at, but it also illustrates some of the challenges of being a mature company. Rosenblatt Securities analyst Barton Crockett likened… [+2940 chars]"
44,"{'id': None, 'name': 'Biztoc.com'}",aol.com,"Stock market news today: Tech stocks slip amid Apple gloom, with jobs report on deck","Tech stocks retreated on Friday in the wake of disappointing results from Apple (AAPL), as investors waited for the monthly US jobs report that could test hopes that the Federal Reserve is done with its rate-hiking campaign. Futures on the tech-heavy Nasdaq 1…",https://biztoc.com/x/35187093942d4f0d,2023-11-03T12:22:09Z,"Tech stocks retreated on Friday in the wake of disappointing results from Apple (AAPL), as investors waited for the monthly US jobs report that could test hopes that the Federal Reserve is done with … [+254 chars]"
45,"{'id': None, 'name': 'Investopedia'}",Terry Lane,5 Things to Know Before Markets Open,"Shares of Apple fell after reporting its fourth consecutive quarter of declining revenue, and the Labor Department's monthly jobs report is expected to show job growth slowing. Here’s what investors need to know today.",https://www.investopedia.com/5-things-to-know-before-markets-open-november-3-2023-8386874,2023-11-03T11:26:54Z,"Shares of Apple fell after reporting its fourth consecutive quarter of declining revenue, and the Labor Department's monthly jobs report is expected to show job growth slowing. Heres what investors n… [+2694 chars]"
46,"{'id': None, 'name': 'MarketWatch'}",Emily Bary,Apple shows its ‘massive battleship’ is getting tougher to move,"Apple's $89.5 billion in quarterly revenue is nothing to sneeze at, but it also illustrates some of the challenges of being a mature company.",https://www.marketwatch.com/story/apple-shows-its-massive-battleship-is-getting-tougher-to-move-9ea06bf3,2023-11-03T11:14:00Z,"Apple Inc.s $89.5 billion in quarterly revenue is nothing to sneeze at, but it also illustrates some of the challenges of being a mature company. Rosenblatt Securities analyst Barton Crockett likened… [+2940 chars]"
47,"{'id': None, 'name': 'Biztoc.com'}",theglobeandmail.com,Apple shares tumble after company warns of subdued growth in holiday quarter,Apple AAPL-Q fell 3 per cent on Friday after it disappointed Wall Street with a forecast that indicated growth will stay subdued in the quarter where the holiday season usually drives its strongest sales. The world’s most valuable firm was set to lose more th…,https://biztoc.com/x/d87da78d64dbe329,2023-11-03T11:10:11Z,Apple AAPL-Q fell 3 per cent on Friday after it disappointed Wall Street with a forecast that indicated growth will stay subdued in the quarter where the holiday season usually drives its strongest s… [+291 chars]
48,"{'id': None, 'name': 'Donanimhaber.com'}",Metin Akpınar,Apple’ın satışları üst üste dördüncü çeyrekte de düştü! İşte Apple’ın gelirleri,"Teknoloji devi Apple, analistlerin beklentilerini aşan mali dördüncü çeyrek kazançlarını bildirdi, ancak genel satışların üst üste dördüncü çeyrekte de düştüğünü açıkladı.",https://www.donanimhaber.com/apple-in-satislari-ust-uste-dorduncu-ceyrekte-de-dustu--170515,2023-11-03T11:05:00Z,"a').click(); event.preventDefault();""&gt;Tam Boyutta GörApple, geçtiimiz gün analistlerin sat ve hisse bana kazanç beklentilerini aan 2023 ylna ait mali dördüncü çeyrek kazançlarn bildirdi ancak irke… [+3674 chars]"
49,"{'id': None, 'name': 'Biztoc.com'}",forbes.com,Microsoft Stock Is Up 45% YTD And Outperformed The Consensus In Q1,"Microsoft’s stock (NASDAQ: MSFT) has gained approximately 45% YTD as compared to the 10% rise in the S&P500 index over the same period. Further, at its current price of $346 per share, it is trading 6% below its fair value of $367 – Trefis’ estimate for Micro…",https://biztoc.com/x/a30a61a055b172b0,2023-11-03T11:02:12Z,"Microsofts stock (NASDAQ: MSFT) has gained approximately 45% YTD as compared to the 10% rise in the S&amp;P500 index over the same period. Further, at its current price of $346 per share, it is tradi… [+273 chars]"
50,"{'id': None, 'name': 'MarketWatch'}",Jon Swartz,Epic Games is the latest to take on Google in court over antitrust charges,"The maker of the popular game Fortnite that battled Apple Inc. in federal court on similar ground in 2021, is set to open arguments in a jury trial expected to last several weeks starting Nov. 6 in San Francisco.",https://www.marketwatch.com/story/epic-games-is-the-latest-to-take-on-google-in-court-over-antitrust-charges-7e386ccb,2023-11-03T11:02:00Z,"Add Epic Games Inc. to Googles antitrust trial case load.The maker of the popular videogame Fortnite, which battled Apple Inc. 
 AAPL,
 +2.07%
in federal court on similar grounds in 2021, is set t… [+6529 chars]"
51,"{'id': None, 'name': 'Forbes'}","Trefis Team, Contributor, 
 Trefis Team, Contributor
 https://www.forbes.com/sites/greatspeculations/people/trefis/",Microsoft Stock Is Up 45% YTD And Outperformed The Consensus In Q1,Microsoft’s stock (NASDAQ: MSFT) has gained approximately 45% YTD as compared to the 10% rise in the S&P500 index over the same period.,https://www.forbes.com/sites/greatspeculations/2023/11/03/microsoft-stock-is-up-45-ytd-and-outperformed-the-consensus-in-q1/,2023-11-03T11:00:31Z,"BLETCHLEY, ENGLAND - NOVEMBER 2: Britain's Prime Minister Rishi Sunak and Microsoft President Brad ... [+] Smith attend the AI Safety Summit at Bletchley Park on November 2, 2023 in Bletchley, Englan… [+3301 chars]"
52,"{'id': None, 'name': 'Biztoc.com'}",thestreet.com,"Apple slumps as muted holiday sales forecast, China woes, cloud Q4 earnings",Apple AAPL shares slumped lower in pre-market trading after the world's most-valuable tech company issued a muted holiday sales forecast that added to concerns surrounding demand for its new iPhone 15 and its slowing revenue growth in China. Apple said Decemb…,https://biztoc.com/x/43afae2671f506a9,2023-11-03T10:54:32Z,Apple AAPL shares slumped lower in pre-market trading after the world's most-valuable tech company issued a muted holiday sales forecast that added to concerns surrounding demand for its new iPhone 1… [+278 chars]
53,"{'id': None, 'name': 'MarketWatch'}",Barbara Kollmeyer,"Are investors walking into a monster bull trap? Watch for these signals, says portfolio manager.","There are clear signals to read for investors who want to know if they're walking into a ""monster bull trap,"" especially after Thursday's big move.",https://www.marketwatch.com/story/are-investors-walking-into-a-monster-bull-trap-watch-for-these-signals-says-portfolio-manager-636f8ed9,2023-11-03T09:45:00Z,"Stocks behaved as if the end of tightening is equivalent to rate cuts themselves, says Michael ORourke, chief market technician at JonesTrading, of a big factor behind that rally the view that the Fe… [+7139 chars]"
54,"{'id': None, 'name': 'Biztoc.com'}",thestreet.com,Stock Market Today: Apple outlook tests Wall Street rally with jobs data in focus,U.S. equity futures nudged lower Friday as a disappointing set of fourth quarter earnings from Apple AAPL looks set to snuff out the strongest Wall Street rally of the year heading into a key reading of October job growth from the Labor Department. Apple topp…,https://biztoc.com/x/175ed452662f2dfe,2023-11-03T09:44:21Z,U.S. equity futures nudged lower Friday as a disappointing set of fourth quarter earnings from Apple AAPL looks set to snuff out the strongest Wall Street rally of the year heading into a key reading… [+290 chars]
55,"{'id': None, 'name': 'Slashdot.org'}",feedfeeder,"China iPhone sales strong, Apple tells investors as Huawei threat looms - Reuters","China iPhone sales strong, Apple tells investors as Huawei threat loomsReuters Apple (AAPL) CEO Tim Cook Seeks to Ease Fears of Weak iPhone Demand in ChinaBloomberg iPhone 15 demand in China is a key metric to watch for Apple, says Nancy PrialCNBC Television …",https://slashdot.org/firehose.pl?op=view&amp;id=172162228,2023-11-03T09:33:01Z,Sign up for the Slashdot newsletter! OR check out the new Slashdot job board to browse remote jobs or jobs in your areaDo you develop on GitHub? You can keep using GitHub but automatically sync your … [+268 chars]
56,"{'id': None, 'name': ""Barron's""}",Adam Clark,China's Taken a Bite Out of Apple. There's No Quick Fix.,Concerns about the country's slow economic recovery and increasing competition are weighing on the tech giant's stock.,https://www.barrons.com/articles/apple-stock-china-sales-iphone-37fbab40,2023-11-03T09:05:02Z,"Apple
  cant shake its China problem. A disappointing forecast for the holiday season has put its fortunes in the Chinese market back under the microscope. Apple
 (ticker: AAPL) shares were down 2.… [+2490 chars]"
57,"{'id': None, 'name': ""Barron's""}",Joe Woelfel,"Apple, Block, Bill Holdings, Fortinet, Expedia, DraftKings, and More Stock Market Movers","Apple's forecast for the holiday quarter disappoints, Block stock surges on strong guidance, and Bill Holdings slumps after a weak outlook from the financial platform.",https://www.barrons.com/articles/stock-market-movers-0fab2fba,2023-11-03T08:40:28Z,"Stock futures pointed mostly to the downside Friday after 
 Apple
 issued a disappointing revenue forecast for the holiday quarter and Wall Street awaited the release of the U.S. jobs report for Oc… [+3772 chars]"
58,"{'id': None, 'name': 'MarketWatch'}",MarketWatch,Apple stock drops on poor China sales as Block shares surge after fintech sets out 2024 forecast,"Shares in Block Inc, Apple, DraftKings, Paramount, Live Nation Entertainment, Bill Holdings, Fortinet, and Atlassian were all active in pre-market trading",https://www.marketwatch.com/story/apple-stock-drops-on-poor-china-sales-as-block-shares-surge-after-fintech-sets-out-2024-forecast-e8177f3c,2023-11-03T08:32:00Z,"DraftKings Inc.s stock 
 DKNG,
 +6.43%
was up 7% in extended trading after the sports-gambling and fantasy web site posted quarterly results that topped analyst revenue and earnings estimates, and… [+1185 chars]"
59,"{'id': None, 'name': 'MarketWatch'}",Steve Goldstein,Market Snapshot: S&P 500 futures pause after soft Apple guidance as payrolls data awaits,U.S. stock futures were steady Friday ahead of key payrolls data and after soft guidance from tech heavyweight Apple.,https://www.marketwatch.com/story/s-p-500-futures-pause-after-soft-apple-guidance-as-payrolls-data-awaits-f9b0b1eb,2023-11-03T08:25:01Z,"U.S. stock futures were steady Friday ahead of key payrolls data and after soft guidance from tech heavyweight Apple.On Thursday, the Dow Jones Industrial Average 
 DJIA
 rose 565 points, or 1.7%, … [+1494 chars]"
60,"{'id': None, 'name': 'Biztoc.com'}",financialjuice.com,Apple Q4 2023 Earnings $AAPL,"Revenue $89.50b, est. $89.35 EPS $1.46, est. $1.39 Greater China revenue $15.08b, est. $17.01b Services revenue $22.31, est. $21.37b iPhone revenue $43.81, est. $43.73b iPad revenue $6.44b, est. $6.12b Mac revenue $7.61b, est. $8.76b Wearables, home & accesso…",https://biztoc.com/x/52a0f41e0cde6825,2023-11-03T07:50:15Z,"Revenue $89.50b, est. $89.35EPS $1.46, est. $1.39Greater China revenue $15.08b, est. $17.01bServices revenue $22.31, est. $21.37biPhone revenue $43.81, est. $43.73biPad revenue $6.44b, est. $6.12bMac… [+167 chars]"
61,"{'id': 'mashable', 'name': 'Mashable'}",Rahul Verma,"Apple CEO Confirms That The Company Is Working On Generative AI, Anticipating 2024 Launch",Tim Cook Highlights Apple's Ongoing Investment In Generative AI During Investor's Call; 2024 Launch Expected,https://in.mashable.com/tech/63182/apple-ceo-confirms-that-the-company-is-working-on-generative-ai-anticipating-2024-launch,2023-11-03T07:22:28Z,"Since the rise of generative AI tools like ChatGPT, there has been widespread speculation regarding when Apple will introduce its own generative AI technology. Recent media reports suggest that this … [+1444 chars]"
62,"{'id': None, 'name': 'Slashdot.org'}",feedfeeder,Apple (AAPL) CEO Tim Cook Seeks to Ease Fears of Weak iPhone Demand in China - Bloomberg,"Apple (AAPL) CEO Tim Cook Seeks to Ease Fears of Weak iPhone Demand in ChinaBloomberg China iPhone sales strong, Apple tells investors as Huawei threat loomsAOL iPhone 15 demand in China is a key metric to watch for Apple, says Nancy PrialCNBC Television Appl…",https://slashdot.org/firehose.pl?op=view&amp;id=172161794,2023-11-03T07:12:59Z,Sign up for the Slashdot newsletter! OR check out the new Slashdot job board to browse remote jobs or jobs in your areaDo you develop on GitHub? You can keep using GitHub but automatically sync your … [+268 chars]
63,"{'id': None, 'name': 'Slashdot.org'}",feedfeeder,Apple Stock Slips Despite Earnings Beat - Barron's,Apple Stock Slips Despite Earnings BeatBarron's Apple stock dips after weak outlook for December quarter revenueCNBC Apple stock falls after cautious outlook overshadows record iPhone quarterYahoo Finance Apple Outlook Mixed Post-Earnings on China ConcernsBlo…,https://slashdot.org/firehose.pl?op=view&amp;id=172161548,2023-11-03T05:34:13Z,Sign up for the Slashdot newsletter! OR check out the new Slashdot job board to browse remote jobs or jobs in your areaDo you develop on GitHub? You can keep using GitHub but automatically sync your … [+268 chars]
64,"{'id': None, 'name': 'Biztoc.com'}",investors.com,Tech Futures Fall On Apple's Holiday Warning,"Dow Jones futures edged higher overnight, while S&P 500 futures and Nasdaq futures fell slightly. Apple (AAPL) headlined earnings reports after the close with the October jobs report due early Friday. The stock market rally continued to add to gains Thursday,…",https://biztoc.com/x/d1412474dd8bcf92,2023-11-03T05:30:06Z,"Dow Jones futures edged higher overnight, while S&amp;P 500 futures and Nasdaq futures fell slightly. Apple (AAPL) headlined earnings reports after the close with the October jobs report due early Fr… [+297 chars]"
65,"{'id': None, 'name': ""Barron's""}",Jack Hough,Disney’s ESPN Is a Cash Cow. The Challenge: Keep It From Keeling Over,"ESPN is a major contributor to Walt Disney’s profits, and sports remains one area traditional TV viewers will pay for. But ESPN’s perch is threatened in a streaming world, and Disney is searching for answers.",https://www.barrons.com/articles/disneys-espn-is-a-cash-cow-the-challenge-keep-it-from-keeling-over-1cefd8cf,2023-11-03T05:22:41Z,"Calling all armchair quarterbacks and fantasy financiers: 
 Walt Disney
 could use some ideas for solving its ESPN problem. Its a tricky situation, even with television wizard Bob Iger back on the … [+5888 chars]"
66,"{'id': None, 'name': 'Applech2.com'}",applech2,Amazon、Qtを利用した旧「Kindle for Mac (Kindle Classic)」アプリのサポートを終了。,"AmazonがQtを利用した旧「Kindle for Mac (Kindle Classic)」アプリのサポートを終了したと発表しています。詳細は以下から。 　Amazonは現地時間2023年11月01日、Mac Ap […]
The post Amazon、Qtを利用した旧「Kindle for Mac (Kindle Classic)」アプリのサポートを終了。 first appeared on AAPL Ch..",https://applech2.com/archives/20231103-kindle-classic-for-mac-end-of-support.html,2023-11-03T05:08:08Z,"AmazonQtKindle for Mac (Kindle Classic)
Amazon20231101Mac App StoreMacKindleKindle for Mac (Kindle Classic)10311.40.3
20231031Mac App StoreKindle for Mac
Kindle Classic Mac App Store
Kindle Class… [+180 chars]"
67,"{'id': None, 'name': 'Capitalist.com.br'}",Capitalist,"Dona do iPhone, Apple vê lucro subir 10,7% no 4TRI fiscal, para US$ 23 bi","Companhia está listada na Nasdaq. O post Dona do iPhone, Apple vê lucro subir 10,7% no 4TRI fiscal, para US$ 23 bi apareceu primeiro...",https://capitalist.com.br/dona-do-iphone-apple-ve-lucro-subir-107-no-4tri-fiscal-para-us-23-bi/,2023-11-03T04:48:11Z,"Dona do icônico iPhone, a Apple viu seu lucro subir 10,7% no quarto trimestre fiscal de 2023, para US$ 23 bilhões frente igual período do ano anterior. O lucro diluído por ação ficou em US$ 1,46, con… [+1652 chars]"
68,"{'id': None, 'name': 'Applech2.com'}",applech2,Satechiの文化の日3連休セールで「165W GaN 充電器」やSurface Pro 9用USBハブなどがセール中。,"Satechiの文化の日3連休セールで「165W GaN 充電器」やSurface Pro 9/MacBook Pro用USBハブなどが特別価格で提供されています。詳細は以下から。 　11月03日(金)の文化の日から3 […]
The post Satechiの文化の日3連休セールで「165W GaN 充電器」やSurface Pro 9用USBハブなどがセール中。 first appeared on AAPL Ch..",https://applech2.com/archives/20231103-satechi-2023-autumn-sale.html,2023-11-03T03:46:54Z,"Satechi3165W GaN Surface Pro 9/MacBook ProUSB
1103()33SatechiSatechi Japan4165WUSB-CSurface Pro 9USB-CMacBook ProUSB
Satechi
Satechi 165W GaN 16,199 12,959
2023071100W4165WUSB20%OFF
Surface Pro … [+738 chars]"
69,"{'id': None, 'name': 'Biztoc.com'}",investors.com,Futures Fall On Apple's Holiday Warning,"Dow Jones futures tilted lower overnight, while S&P 500 futures and Nasdaq futures fell slightly. Apple (AAPL) headlined earnings reports after the close with the October jobs report due early Friday. The stock market rally continued to add to gains Thursday,…",https://biztoc.com/x/3391aaab13cf69f2,2023-11-03T00:48:16Z,"Dow Jones futures tilted lower overnight, while S&amp;P 500 futures and Nasdaq futures fell slightly. Apple (AAPL) headlined earnings reports after the close with the October jobs report due early Fr… [+297 chars]"
70,"{'id': None, 'name': 'CNBC'}",Zev Fima,Apple shares give investors waiting to buy an opportunity after an uneven quarter,The stock dropped after management's December-quarter revenue guide was a bit lower than Wall Street expectations.,https://www.cnbc.com/2023/11/02/apple-shares-give-investors-waiting-to-buy-an-opportunity-after-an-uneven-quarter.html,2023-11-03T00:27:14Z,"Club name Apple (AAPL) posted a better-than-expected September quarter after the closing bell Thursday, with strong Services sales more than offsetting a slight miss on the Products side. However, sh… [+9006 chars]"
71,"{'id': None, 'name': 'Biztoc.com'}",investors.com,Dow Jones Soars 565 Points As Apple Sales Fall; Warren Buffett Stock Offers This 'Attractive Entry',"The Dow Jones Industrial Average soared as Treasury yields plunged. An analyst said arguably the ultimate Warren Buffett stock, Berkshire Hathaway (BRKB), is offering an attractive entry. Apple (AAPL) fell late as sales declined again. Starbucks (SBUX) soared…",https://biztoc.com/x/04da124ded48612d,2023-11-02T23:26:06Z,"The Dow Jones Industrial Average soared as Treasury yields plunged. An analyst said arguably the ultimate Warren Buffett stock, Berkshire Hathaway (BRKB), is offering an attractive entry. Apple (AAPL… [+277 chars]"
72,"{'id': None, 'name': 'Cult of Mac'}",Ed Hardy,5 upbeat takeaways from Apple’s earnings call,"The financial results of Apple's most recent quarter pushed down the stock price but CEO Tim Cook sees reasons for optimism.
(via Cult of Mac - Tech and culture through an Apple lens)",https://www.cultofmac.com/835847/upbeat-takeaways-from-apple-q4-2023-earnings-call/,2023-11-02T23:21:59Z,"Apple stock price dropped over 3% after it announced the results of its most recent financial quarter. But theres good news mixed with the bad, and that shouldnt be ignored. CEO Tim Cook and other ex… [+5419 chars]"
73,"{'id': None, 'name': 'MarketWatch'}",Therese Poletti,Apple’s grim streak of revenue declines could continue into the holidays,"Apple could potentially see a fifth straight decline in year-over-year quarterly revenue, a grim milestone not seen going back to at least 1998.",https://www.marketwatch.com/story/apples-grim-streak-of-revenue-declines-could-continue-into-the-holidays-67deba65,2023-11-02T22:44:00Z,"Apple Inc. could potentially see a fifth straight decline in year-over-year quarterly revenue, a grim milestone not seen going back to at least 1998.After the tech giant posted its fourth consecutive… [+3513 chars]"
74,"{'id': None, 'name': 'MarketWatch'}",Michael Sincere,Michael Sincere's Long-Term Trader: This market pro likes the ‘Magnificent Seven’ but thinks stocks are on thin ice,Lance Roberts is invested for a year-end rally but expects a recession in 2024 that boosts Treasurys.,https://www.marketwatch.com/story/this-market-pro-likes-the-magnificent-seven-but-thinks-stocks-are-on-thin-ice-fba7d1df,2023-11-02T22:09:23Z,"Lance Roberts is chief editor of the Real Investment Report, a weekly subscriber based-newsletter that is distributed globally. He also writes a daily blog at Real Investment Advice. In this recent i… [+6370 chars]"
75,"{'id': None, 'name': 'MarketWatch'}",MarketWatch Automation,Company Close Updates: Snap Inc. stock outperforms market on strong trading day,"Shares of Snap Inc. advanced 4.40% to $10.43 Thursday, on what proved to be an all-around great trading session for the stock market, with the NASDAQ...",https://www.marketwatch.com/data-news/snap-inc-stock-outperforms-market-on-strong-trading-day-b0db21d8-da5a6ffefe86,2023-11-02T21:36:32Z,"Shares of Snap Inc. 
 SNAP,
 +4.40%
advanced 4.40% to $10.43 Thursday, on what proved to be an all-around great trading session for the stock market, with the NASDAQ Composite Index 
 COMP,
 +1.… [+697 chars]"
76,"{'id': None, 'name': 'Biztoc.com'}",investors.com,Apple Stock Drops As Sales Fall For Fourth Straight Quarter,"Consumer electronics giant Apple (AAPL) late Thursday beat expectations for its fiscal fourth quarter, but sales fell for the fourth consecutive quarter. Apple stock dropped in extended trading. The Cupertino, Calif.-based company earned $1.46 a share on sale…",https://biztoc.com/x/e9c678b785c99bd2,2023-11-02T21:20:05Z,"Consumer electronics giant Apple (AAPL) late Thursday beat expectations for its fiscal fourth quarter, but sales fell for the fourth consecutive quarter. Apple stock dropped in extended trading.The C… [+276 chars]"
77,"{'id': None, 'name': 'Slashdot.org'}",feedfeeder,"Apple earnings top estimates, iPhone sales notch September quarter record - Yahoo Finance","Apple earnings top estimates, iPhone sales notch September quarter recordYahoo Finance Apple (AAPL) earnings report Q4 2023CNBC Apple's dependency on China in focus ahead of key earnings reportCNBC Television Apple paying out $0.24 per share Q4 dividend on No…",https://slashdot.org/firehose.pl?op=view&amp;id=172159748,2023-11-02T21:14:45Z,Sign up for the Slashdot newsletter! OR check out the new Slashdot job board to browse remote jobs or jobs in your areaDo you develop on GitHub? You can keep using GitHub but automatically sync your … [+268 chars]
78,"{'id': None, 'name': ""Investor's Business Daily""}",Investor's Business Daily,Dow Jones Soars 565 Points As Apple Sales Fall; Warren Buffett Stock Offers This 'Attractive Entry',The Dow Jones surged as Treasury yields plunged. A Warren Buffett stock is offering an 'attractive entry point.' Apple sales fell again.,https://www.investors.com/market-trend/stock-market-today/dow-jones-rallies-as-apple-earnings-loom-warren-buffett-stock-offers-attractive-entry-point-treasury-yields-jerome-powell/,2023-11-02T21:04:15Z,"The Dow Jones Industrial Average soared as Treasury yields plunged. An analyst said arguably the ultimate Warren Buffett stock, Berkshire Hathaway (BRKB), is offering an attractive entry. Apple (AAPL… [+6233 chars]"
79,"{'id': None, 'name': 'Investopedia'}",Nathan Reiff,"Apple Services Revenue Climbs in Q4, Despite Companywide Revenue Decline",The company expects Services and iPhone revenue to drive growth in upcoming quarters.,https://www.investopedia.com/apple-q4-earnings-8385141,2023-11-02T20:59:54Z,"<ul><li>Apple's revenue fell year-over-year for the fourth straight quarter.</li><li>Sevices revenue and iPhone sales both hit records, according to the company. </li><li>Shares of the company fell i… [+1492 chars]"
80,"{'id': 'next-big-future', 'name': 'Next Big Future'}",Brian Wang,Apple Third Quarter Results Completes Big Tech Earnings Season,"Apple had decent Q3 results relative to expectations. Facebook, Microsoft and Amazon had the best big tech results. APPLE EARNINGS JUST OUT $AAPL *APPLE 4Q REV. $89.50B, EST. $89.35B ( BEAT ✅ ) *APPLE 4Q EPS $1.46, EST. $1.39 ( BEAT ✅ ) pic.twitter.com/ppM6HT…",https://www.nextbigfuture.com/2023/11/apple-third-quarter-results-completes-big-tech-earnings-season.html,2023-11-02T20:54:14Z,Brian Wang is a Futurist Thought Leader and a popular Science blogger with 1 million readers per month. His blog Nextbigfuture.com is ranked #1 Science News Blog. It covers many disruptive technology… [+593 chars]
81,"{'id': None, 'name': 'Biztoc.com'}",thestreet.com,"Apple earnings top forecasts, but sales fall for 4th straight quarter on hardware weakness","Updated at 4:44 pm EDT Apple AAPL posted better-than-expected fourth quarter earnings Thursday, but notched its fourth consecutive sales decline as hardware sales slumped and China sales fell shy of Street forecasts. Apple said earnings for the three months e…",https://biztoc.com/x/32f733939aa2d929,2023-11-02T20:50:23Z,"Updated at 4:44 pm EDTApple AAPL posted better-than-expected fourth quarter earnings Thursday, but notched its fourth consecutive sales decline as hardware sales slumped and China sales fell shy of S… [+287 chars]"
82,"{'id': None, 'name': 'Macdailynews.com'}",MacDailyNews,MacDailyNews presents live notes from Apple’s Q423 conference call,"MacDailyNews presents live notes from Apple’s Q423 Conference Call with analysts starting at 2pm PDT / 5pm EDT today, November 2, 2023…
The post MacDailyNews presents live notes from Apple’s Q423 conference call appeared first on MacDailyNews.",https://macdailynews.com/2023/11/02/macdailynews-presents-live-notes-from-apples-q423-conference-call/,2023-11-02T20:46:43Z,"MacDailyNews presents live notes from Apples Q423 Conference Call with analysts starting at 2pm PDT / 5pm EDT today, November 2, 2023
This stream is best experienced on an iPhone 7 or later, iPad (5… [+1203 chars]"
83,"{'id': None, 'name': 'Iphoneaddict.fr'}",Jean-Baptiste A.,"Résultats Apple T4 2023 : record pour les iPhone et services, Mac en chute libre",Apple publie ses résultats financiers qui concernent le quatrième trimestre de son année fiscale 2023. Cela correspond au troisième trimestre dans notre calendrier. Résultats financiers d’Apple Ce trimestre a été l’occasion d’avoir le lancement de plusieurs p…,https://iphoneaddict.fr/post/news-377557-resultats-apple-t4-2023-record-iphone-services-mac-chute-libre,2023-11-02T20:38:46Z,"Apple publie ses résultats financiers qui concernent le quatrième trimestre de son année fiscale 2023. Cela correspond au troisième trimestre dans notre calendrier.
Résultats financiers d’Apple
Ce … [+3071 chars]"
84,"{'id': None, 'name': 'Investing.com'}",Investing.com,"Apple earnings beat by $0.07, revenue topped estimates","Apple earnings beat by $0.07, revenue topped estimates",https://www.investing.com/news/stock-market-news/apple-earnings-beat-by-007-revenue-topped-estimates-3220124,2023-11-02T20:34:42Z,"Investing.com - Apple (NASDAQ: AAPL) reported fourth quarter EPS of $1.46, $0.07 better than the analyst estimate of $1.39. Revenue for the quarter came in at $89.5B versus the consensus estimate of … [+532 chars]"
85,"{'id': None, 'name': 'Forbes'}","MoneyShow, Contributor, 
 MoneyShow, Contributor
 https://www.forbes.com/sites/moneyshow/people/moneyshow/",Markets Find Interest Rate Relief! Will It Last? Can You PROFIT If So?,"The stock market finally found some relief thanks to a more-dovish-than-expected Federal Reserve news, and short covering following a 10% correction in the averages.",https://www.forbes.com/sites/moneyshow/2023/11/02/markets-find-interest-rate-relief-will-it-last-can-you-profit-if-so/,2023-11-02T18:49:23Z,"The stock market finally found some relief thanks to a more-dovish-than-expected Federal Reserve, slightly encouraging government debt news, and short covering following a 10% correction in the avera… [+6689 chars]"
86,"{'id': None, 'name': 'MarketWatch'}",Emily Bary,Earnings Outlook: Apple earnings: What to expect from the iPhone maker,Apple will look to snap its streak of revenue declines when it reports fiscal fourth-quarter results Thursday afternoon.,https://www.marketwatch.com/story/apple-earnings-what-to-expect-from-the-iphone-maker-e53ca9d5,2023-11-02T17:40:08Z,Apple Inc. will look to snap its streak of revenue declines when it reports fiscal fourth-quarter results Thursday afternoon. The company has seen revenue fall on a year-over-year basis during each o… [+2754 chars]
87,"{'id': None, 'name': 'Yahoo Entertainment'}",鉅亨網新聞中心,美股重點新聞摘要2023年11月03日,今日操盤前瞻 美股財報 (10/2 盤後)：蘋果 (AAPL)、思佳訊 (SWKS) 中國 10 月財新服務業 PMI 美國 10 月非農、ISM 非製造業指數 蘋果上季營收連四降 本季財測不如預期 盤後挫逾 3%,https://tw.stock.yahoo.com/news/%E7%BE%8E%E8%82%A1%E9%87%8D%E9%BB%9E%E6%96%B0%E8%81%9E%E6%91%98%E8%A6%812023%E5%B9%B411%E6%9C%8803%E6%97%A5-001443589.html,2023-11-02T16:14:43Z,"(10/2 ) (AAPL) (SWKS)
 10 PMI
 10 ISM 
3%
 (AAPL-US) (3 ) 2023 4 Mac 4%...
 9670 
 (National Retail Federation, NRF) ...
 9 2.8% 
 9 2020 7 ...
SpaceX 
 SpaceX (2 ) SpaceX (Starlink) SpaceX"
88,"{'id': None, 'name': 'Thefly.com'}",,What You Missed On Wall Street This Morning,"See the rest of the story here.

thefly.com provides the latest financial news as it breaks. Known as a leader in market intelligence, The Fly's real-time, streaming news feed keeps individual investors, professional money managers, active traders, and corpor…",https://thefly.com/permalinks/entry.php/id3807000/DIS;QCOM;SBUX;CMCSA;CMCSK;LLY;SIX;FUN;CVX;AMGN;EL;SEDG;MRNA;TSLA;UBER;LYFT;AAPL;CAG;BA;LMND;JOBY;PLTR;ROKU;CFLT;RELY;PCOR;ABNB;PYPL;SHOP;CI-What-You-Missed-On-Wall-Street-This-Morning,2023-11-02T15:59:43Z,"Get caught up quickly on the top news and calls moving stocks with these five Top Five lists. 
1. STOCK NEWS: 
<ul><li>Disney (DIS) agreed to buy the remaining 33% stake in Hulu from Comcast (CMCSA… [+3225 chars]"
89,"{'id': None, 'name': 'Cult of Mac'}",Ed Hardy,What to watch for in Apple’s earning report,"When Apple reports the results of its most recent financial quarter later on Thursday, look for Mac and iPad to be a drag on revenue.
(via Cult of Mac - Tech and culture through an Apple lens)",https://www.cultofmac.com/835749/what-to-watch-for-in-apple-earning-report/,2023-11-02T13:00:04Z,"When Apple reports the results of its most recent financial quarter later on Thursday, look for Mac and iPad to be a drag on the companys revenue. Still, analysts are upbeat about the companys earnin… [+2090 chars]"
90,"{'id': None, 'name': ""Investor's Business Daily""}",Investor's Business Daily,Dow Jones Futures Rise After Jobless Claims; Palantir Surges As Apple Earnings Approach,"Key earnings movers include Airbnb, Palantir Technologies and Roku.",https://www.investors.com/market-trend/stock-market-today/dow-jones-futures-jobless-claims-palantir-surges-on-ai-demand-apple-earnings-next/,2023-11-02T12:33:57Z,"Dow Jones futures signaled a fourth-straight day of gains Thursday as markets digested the Labor Department's higher-than-expected initial unemployment claims. Meanwhile, Palantir Technologies (PLTR)… [+6965 chars]"
91,"{'id': None, 'name': 'MarketWatch'}",Charles Passy,The Taylor Swift stock-market effect? We are convinced.,"‘Shake it off’: Vigorous consumer spending epitomized by the ‘Eras Tour’ helped the U.S. avert a widely-predicted summer recession, landing Swift on the MarketWatch 50 list of the most influential people in markets.",https://www.marketwatch.com/story/the-taylor-swift-stock-market-effect-we-are-convinced-66f71516,2023-11-02T11:01:00Z,"As a longtime Taylor Swift fan, Kat Mahon always knew she would attend the artists much anticipated Eras Tour this year. But little did Mahon think she would help push the American economy forward in… [+12606 chars]"
92,"{'id': None, 'name': ""Investor's Business Daily""}",Investor's Business Daily,Motorola Solutions CEO Greg Brown Makes Tough Calls To Thrive,Some CEOs eye a life of leisure after their companies are bought.,https://www.investors.com/news/management/leaders-and-success/motorola-solutions-ceo-greg-brown-tough-calls/,2023-11-02T11:00:10Z,"Some CEOs eye a life of leisure after their companies are bought. Not Motorola Solutions CEO Greg Brown he sought his next corporate challenge instead.
XBrown was living in Chicago when IBM (IBM) bo… [+8061 chars]"
93,"{'id': None, 'name': 'MarketWatch'}",Jamie Chisholm,"Need to Know: Don’t worry about an AI bubble. It hasn’t been the key driver for tech, says Deutsche Bank",Analysis of some company transcripts finds a negative correlation between the intensity of AI chatter and share price performance.,https://www.marketwatch.com/story/dont-worry-about-an-ai-bubble-it-hasnt-been-the-key-driver-for-tech-says-deutsche-bank-8ab279b6,2023-11-02T10:54:48Z,The stock market is looking chipper again as bond yields slide on hopes the Federal Reserve is done raising interest rates. A well-received earnings report from Apple after Thursdays closing bell cou… [+7460 chars]
94,"{'id': None, 'name': 'Biztoc.com'}",thestreet.com,"Apple earnings preview: iPhone outlook in focus as China demand, US upgrade rates weaken","Apple Inc AAPL shares moved higher in pre-market trading ahead of its fourth quarter earnings after the closing bell, with investors likely focused on the tech giant's outlook for holiday sales of its signature iPhone amid suggestions of muted demand. Apple i…",https://biztoc.com/x/1a37e85399be355d,2023-11-02T10:52:39Z,"Apple Inc AAPL shares moved higher in pre-market trading ahead of its fourth quarter earnings after the closing bell, with investors likely focused on the tech giant's outlook for holiday sales of it… [+278 chars]"
95,"{'id': None, 'name': 'Biztoc.com'}",forbes.com,"Up 35% This Year, How Will Applied Materials Stock Trend Following Q4 Results?","Applied Materials is expected to publish its Q4 FY’23 results on November 16, reporting on another quarter that is likely to see a slowdown in sales due to potentially weaker demand for equipment from the memory market. We expect revenues for the quarter to d…",https://biztoc.com/x/b2bdc160ced83c95,2023-11-02T10:04:05Z,"Applied Materials is expected to publish its Q4 FY23 results on November 16, reporting on another quarter that is likely to see a slowdown in sales due to potentially weaker demand for equipment from… [+267 chars]"
96,"{'id': None, 'name': 'Forbes'}","Trefis Team, Contributor, 
 Trefis Team, Contributor
 https://www.forbes.com/sites/greatspeculations/people/trefis/","Up 35% This Year, How Will Applied Materials Stock Trend Following Q4 Results?","Applied Materials is expected to publish its Q4 FY’23 results on November 16, reporting on another quarter that is likely to see a slowdown in sales due to potentially...",https://www.forbes.com/sites/greatspeculations/2023/11/02/up-35-this-year-how-will-applied-materials-stock-trend-following-q4-results/,2023-11-02T10:00:00Z,"CHINA - 2023/02/15: In this photo illustration, the American semiconductor corporation Applied ... [+] Materials logo is displayed on a smartphone screen with an economic stock exchange index graph i… [+4117 chars]"
97,"{'id': None, 'name': ""Barron's""}",Joe Woelfel,"Qualcomm, PayPal, SolarEdge, Roku, DoorDash, E.l.f. Beauty, and More Stock Market Movers","Qualcomm's fiscal first-quarter forecast tops estimates, PayPal's earnings top estimates, and SolarEdge tumbles after reporting a surprise third-quarter loss.",https://www.barrons.com/articles/stock-market-movers-84274fdb,2023-11-02T09:09:48Z,Stock futures rose modestly Thursday after the Federal Reserve left interest rates unchanged and Chairman Jerome Powell said tight monetary policy has been putting downward pressure on economic activ… [+3674 chars]
98,"{'id': None, 'name': 'MarketWatch'}",Steve Goldstein,Market Snapshot: S&P 500 futures extend gains on hopes rate-hike cycle has peaked,"U.S. stock futures rose on Thursday, carrying forward positive momentum on hopes the U.S. rate-hike cycle may have peaked.",https://www.marketwatch.com/story/s-p-500-futures-extend-gains-on-hopes-rate-hike-cycle-has-peaked-09723eb6,2023-11-02T09:09:48Z,"U.S. stock futures rose on Thursday, carrying forward positive momentum on hopes the U.S. rate-hike cycle may have peaked.
Whats happening
<ul><li> 
 Dow Jones Industrial Average futures 
 YM00,… [+1522 chars]"
99,"{'id': None, 'name': 'Marketscreener.com'}",,Banque Bemo L : Daily Markets Brief,"(marketscreener.com) 
 
 
 Daily Market Brief
 
 
 November 01 2023
 
 
 
 
 
 
 
 
 FOREIGN EXCHANGE MARKETS
 
 
 
 
 
 
 
 ...https://www.marketscreener.com/quote/stock/BANQUE-BEMO-S-A-L-20703347/news/Banque-Bemo-L-Daily-Markets-Brief-45220158/?utm_medium=R…",https://www.marketscreener.com/quote/stock/BANQUE-BEMO-S-A-L-20703347/news/Banque-Bemo-L-Daily-Markets-Brief-45220158/,2023-11-02T08:40:03Z,"<table><tr><td>
 MUST READ
</td><td>
(Source: Bloomberg/ Forexlive)
</td></tr><tr><td></td><td></td></tr></table>
Swiss National Bank Q3 losses surpass $13 billion
The Swiss National Bank on Tu… [+2624 chars]"
