Game ID,Estimated Sales
730,Unknown
578080,Unknown
1172470,Unknown
440,Unknown
550,Unknown
304930,Unknown
252490,Unknown
236390,Unknown
1938090,Unknown
359550,Unknown
4000,Unknown
1085660,Unknown
431960,Unknown
340,Unknown
218620,Unknown
1091500,Unknown
291480,Unknown
49520,Unknown
10,Unknown
1517290,Unknown
227940,Unknown
438100,Unknown
1240440,Unknown
620,Unknown
755790,Unknown
240,Unknown
444200,Unknown
648800,Unknown
550650,Unknown
242760,Unknown
239140,Unknown
433850,Unknown
1174180,Unknown
70,Unknown
251570,Unknown
400,Unknown
230410,Unknown
444090,Unknown
218230,Unknown
60,Unknown
377160,Unknown
107410,Unknown
224260,Unknown
1046930,Unknown
220,Unknown
221100,Unknown
130,Unknown
278360,Unknown
333930,Unknown
275850,Unknown
417910,Unknown
10180,Unknown
1238810,Unknown
700330,Unknown
273350,Unknown
360,Unknown
976730,Unknown
365590,Unknown
439700,Unknown
1172620,Unknown
594650,Unknown
2630,Unknown
363970,Unknown
219640,Unknown
253710,Unknown
30,Unknown
22380,Unknown
225840,Unknown
20,Unknown
231430,Unknown
264710,Unknown
304050,Unknown
8870,Unknown
420,Unknown
677620,Unknown
346900,Unknown
555570,Unknown
629760,Unknown
273110,Unknown
397900,Unknown
300,Unknown
211500,Unknown
500,Unknown
379720,Unknown
339610,Unknown
284160,Unknown
868270,Unknown
244210,Unknown
782330,Unknown
513710,Unknown
534380,Unknown
1237970,Unknown
552500,Unknown
238320,Unknown
311210,Unknown
8190,Unknown
1250,Unknown
6060,Unknown
355840,Unknown
222880,Unknown
1056960,Unknown
223750,Unknown
548430,Unknown
115300,Unknown
33930,Unknown
24240,Unknown
380600,Unknown
63380,Unknown
601510,Unknown
202970,Unknown
671860,Unknown
466240,Unknown
50,Unknown
397540,Unknown
7670,Unknown
674940,Unknown
302830,Unknown
518790,Unknown
884660,Unknown
506540,Unknown
35450,Unknown
261640,Unknown
1238840,Unknown
33900,Unknown
1229490,Unknown
301520,Unknown
552520,Unknown
1832640,Unknown
407530,Unknown
546560,Unknown
813820,Unknown
42680,Unknown
365670,Unknown
1151340,Unknown
1196590,Unknown
10090,Unknown
265630,Unknown
418460,Unknown
380,Unknown
1180380,Unknown
224600,Unknown
202990,Unknown
4560,Unknown
113400,Unknown
17410,Unknown
233130,Unknown
232090,Unknown
209870,Unknown
282440,Unknown
905370,Unknown
471710,Unknown
262410,Unknown
1619450,Unknown
298110,Unknown
242720,Unknown
286690,Unknown
460930,Unknown
8850,Unknown
286940,Unknown
1144200,Unknown
316010,Unknown
214490,Unknown
312660,Unknown
550900,Unknown
11020,Unknown
362890,Unknown
287390,Unknown
530700,Unknown
203290,Unknown
644560,Unknown
55100,Unknown
24960,Unknown
581320,Unknown
295110,Unknown
646910,Unknown
686810,Unknown
412020,Unknown
238090,Unknown
42700,Unknown
427730,Unknown
47870,Unknown
992300,Unknown
201810,Unknown
303390,Unknown
310560,Unknown
210770,Unknown
431240,Unknown
552990,Unknown
206210,Unknown
205100,Unknown
1217060,Unknown
41070,Unknown
7940,Unknown
220240,Unknown
783770,Unknown
259080,Unknown
774171,Unknown
470220,Unknown
1824220,Unknown
65930,Unknown
39120,Unknown
1274570,Unknown
337000,Unknown
238010,Unknown
22370,Unknown
317360,Unknown
823130,Unknown
436520,Unknown
204100,Unknown
314160,Unknown
1057240,Unknown
433340,Unknown
1058020,Unknown
493340,Unknown
612880,Unknown
223470,Unknown
767560,Unknown
409710,Unknown
611500,Unknown
578310,Unknown
389430,Unknown
1361210,Unknown
67370,Unknown
414700,Unknown
418370,Unknown
391460,Unknown
41700,Unknown
453480,Unknown
893520,Unknown
212160,Unknown
349700,Unknown
519860,Unknown
1029690,Unknown
355180,Unknown
1408720,Unknown
113420,Unknown
555160,Unknown
204450,Unknown
809960,Unknown
298240,Unknown
872790,Unknown
327690,Unknown
214420,Unknown
629520,Unknown
460920,Unknown
342200,Unknown
393380,Unknown
704270,Unknown
299360,Unknown
6860,Unknown
409720,Unknown
1404210,Unknown
621060,Unknown
476600,Unknown
239160,Unknown
447820,Unknown
272060,Unknown
1272080,Unknown
80,Unknown
17330,Unknown
8980,Unknown
939960,Unknown
322500,Unknown
4920,Unknown
17080,Unknown
6000,Unknown
636480,Unknown
242860,Unknown
47790,Unknown
442080,Unknown
427270,Unknown
704850,Unknown
537180,Unknown
65790,Unknown
228200,Unknown
346330,Unknown
6880,Unknown
4500,Unknown
924970,Unknown
235600,Unknown
10680,Unknown
263500,Unknown
19900,Unknown
2280,Unknown
235540,Unknown
206480,Unknown
274940,Unknown
418240,Unknown
324800,Unknown
657200,Unknown
6020,Unknown
2100,Unknown
493520,Unknown
224540,Unknown
1380400,Unknown
723780,Unknown
444640,Unknown
108800,Unknown
6850,Unknown
55110,Unknown
996470,Unknown
736220,Unknown
1286680,Unknown
674020,Unknown
383150,Unknown
301640,Unknown
1237950,Unknown
257510,Unknown
17300,Unknown
22350,Unknown
209160,Unknown
104900,Unknown
955050,Unknown
1987080,Unknown
70000,Unknown
736590,Unknown
6910,Unknown
622650,Unknown
209080,Unknown
816020,Unknown
447040,Unknown
212740,Unknown
753650,Unknown
1178830,Unknown
41000,Unknown
383080,Unknown
851850,Unknown
2400,Unknown
1676130,Unknown
49540,Unknown
360430,Unknown
292730,Unknown
450390,Unknown
378540,Unknown
246900,Unknown
339280,Unknown
204340,Unknown
577800,Unknown
21100,Unknown
1335200,Unknown
921060,Unknown
293540,Unknown
39000,Unknown
243470,Unknown
247120,Unknown
558100,Unknown
437220,Unknown
378860,Unknown
337320,Unknown
250820,Unknown
1789480,Unknown
13520,Unknown
233270,Unknown
2310,Unknown
813630,Unknown
823500,Unknown
536930,Unknown
4580,Unknown
666220,Unknown
841370,Unknown
302670,Unknown
20510,Unknown
9200,Unknown
9880,Unknown
13210,Unknown
20500,Unknown
21090,Unknown
222480,Unknown
879160,Unknown
57900,Unknown
383120,Unknown
335330,Unknown
1061910,Unknown
47410,Unknown
312670,Unknown
238430,Unknown
228380,Unknown
17570,Unknown
1241100,Unknown
9010,Unknown
368070,Unknown
530620,Unknown
1388770,Unknown
1359090,Unknown
1238860,Unknown
1262600,Unknown
654880,Unknown
339800,Unknown
6920,Unknown
747610,Unknown
24010,Unknown
614570,Unknown
517630,Unknown
715220,Unknown
376570,Unknown
1252330,Unknown
293180,Unknown
450540,Unknown
34870,Unknown
34830,Unknown
282800,Unknown
544920,Unknown
728540,Unknown
668580,Unknown
1209040,Unknown
22300,Unknown
707010,Unknown
91600,Unknown
13140,Unknown
327030,Unknown
434570,Unknown
32380,Unknown
1473480,Unknown
699130,Unknown
480490,Unknown
1657630,Unknown
1475810,Unknown
32400,Unknown
626690,Unknown
223710,Unknown
280,Unknown
209650,Unknown
257420,Unknown
393420,Unknown
414530,Unknown
274900,Unknown
668630,Unknown
371660,Unknown
690040,Unknown
1237980,Unknown
670290,Unknown
298260,Unknown
607260,Unknown
6030,Unknown
252530,Unknown
410110,Unknown
399810,Unknown
201230,Unknown
1290000,Unknown
226700,Unknown
489940,Unknown
729040,Unknown
1049800,Unknown
1241110,Unknown
915320,Unknown
12830,Unknown
350080,Unknown
611790,Unknown
1222730,Unknown
390670,Unknown
2320,Unknown
1238820,Unknown
91330,Unknown
317470,Unknown
394230,Unknown
263060,Unknown
307960,Unknown
321360,Unknown
17500,Unknown
2300,Unknown
564710,Unknown
433350,Unknown
1200,Unknown
443110,Unknown
329430,Unknown
1366800,Unknown
208200,Unknown
16450,Unknown
385770,Unknown
394690,Unknown
1262560,Unknown
393080,Unknown
342180,Unknown
299740,Unknown
501300,Unknown
385800,Unknown
324810,Unknown
263540,Unknown
274920,Unknown
384300,Unknown
485310,Unknown
255520,Unknown
223100,Unknown
1364020,Unknown
217750,Unknown
496240,Unknown
374280,Unknown
17740,Unknown
206500,Unknown
905640,Unknown
1041320,Unknown
16900,Unknown
1285670,Unknown
895400,Unknown
402570,Unknown
578650,Unknown
1178490,Unknown
217920,Unknown
64000,Unknown
296470,Unknown
28000,Unknown
1268750,Unknown
1325860,Unknown
1282690,Unknown
315430,Unknown
605740,Unknown
973580,Unknown
1154790,Unknown
1283220,Unknown
552100,Unknown
326960,Unknown
305260,Unknown
954740,Unknown
312280,Unknown
533540,Unknown
368500,Unknown
1476720,Unknown
360940,Unknown
6980,Unknown
790710,Unknown
32390,Unknown
548570,Unknown
468920,Unknown
2000950,Unknown
97100,Unknown
1089130,Unknown
365300,Unknown
3700,Unknown
1017180,Unknown
678800,Unknown
320300,Unknown
916840,Unknown
247430,Unknown
773951,Unknown
20530,Unknown
2600,Unknown
738520,Unknown
1338770,Unknown
287920,Unknown
1662940,Unknown
1121910,Unknown
22490,Unknown
341310,Unknown
611660,Unknown
424030,Unknown
385760,Unknown
330830,Unknown
427100,Unknown
338180,Unknown
242880,Unknown
509980,Unknown
1195460,Unknown
1715130,Unknown
448280,Unknown
928600,Unknown
562010,Unknown
307290,Unknown
211600,Unknown
466910,Unknown
420110,Unknown
633460,Unknown
98400,Unknown
65780,Unknown
15120,Unknown
589290,Unknown
591740,Unknown
253430,Unknown
2063400,Unknown
359800,Unknown
2200,Unknown
370240,Unknown
70600,Unknown
91700,Unknown
434050,Unknown
240320,Unknown
362930,Unknown
501590,Unknown
1408680,Unknown
258180,Unknown
604240,Unknown
353130,Unknown
9050,Unknown
987350,Unknown
378370,Unknown
2096600,Unknown
234510,Unknown
459220,Unknown
2231380,Unknown
1592190,Unknown
1227890,Unknown
698670,Unknown
239660,Unknown
410340,Unknown
1098292,Unknown
303210,Unknown
319150,Unknown
277430,Unknown
927350,Unknown
1522870,Unknown
588140,Unknown
2620,Unknown
301970,Unknown
1333350,Unknown
2270,Unknown
816090,Unknown
280640,Unknown
652980,Unknown
674500,Unknown
301760,Unknown
236370,Unknown
2870,Unknown
266310,Unknown
314020,Unknown
1373500,Unknown
460810,Unknown
292390,Unknown
665180,Unknown
593600,Unknown
402710,Unknown
1836220,Unknown
24840,Unknown
321400,Unknown
382560,Unknown
757240,Unknown
625340,Unknown
2230410,Unknown
518150,Unknown
371970,Unknown
298900,Unknown
523660,Unknown
1363430,Unknown
1286350,Unknown
914620,Unknown
418030,Unknown
420290,Unknown
587860,Unknown
7830,Unknown
691020,Unknown
410710,Unknown
562860,Unknown
228400,Unknown
303610,Unknown
1556200,Unknown
1012790,Unknown
2290,Unknown
674690,Unknown
38700,Unknown
412470,Unknown
9160,Unknown
13230,Unknown
671510,Unknown
1304400,Unknown
391260,Unknown
513560,Unknown
499520,Unknown
1985810,Unknown
1222370,Unknown
708720,Unknown
979080,Unknown
408900,Unknown
1129310,Unknown
211740,Unknown
513000,Unknown
422970,Unknown
342380,Unknown
502550,Unknown
270450,Unknown
391780,Unknown
644570,Unknown
1133060,Unknown
1057700,Unknown
214870,Unknown
1126290,Unknown
1002970,Unknown
401190,Unknown
346120,Unknown
467000,Unknown
400940,Unknown
1079260,Unknown
1148590,Unknown
965200,Unknown
376730,Unknown
1571440,Unknown
915810,Unknown
662320,Unknown
237630,Unknown
1396240,Unknown
387860,Unknown
1024380,Unknown
578620,Unknown
1712840,Unknown
320,Unknown
778700,Unknown
1869090,Unknown
2420,Unknown
743090,Unknown
2210,Unknown
243800,Unknown
617830,Unknown
318100,Unknown
2369390,Unknown
1098293,Unknown
215470,Unknown
1310990,Unknown
13200,Unknown
444490,Unknown
824270,Unknown
1024890,Unknown
264240,Unknown
1521580,Unknown
252870,Unknown
1340020,Unknown
35460,Unknown
691260,Unknown
752060,Unknown
308420,Unknown
250620,Unknown
1016800,Unknown
562810,Unknown
22200,Unknown
307880,Unknown
511800,Unknown
805940,Unknown
342480,Unknown
247910,Unknown
212630,Unknown
707030,Unknown
286040,Unknown
1591520,Unknown
1292040,Unknown
291010,Unknown
214700,Unknown
922320,Unknown
795580,Unknown
1431610,Unknown
225160,Unknown
2590,Unknown
503300,Unknown
13240,Unknown
454120,Unknown
383180,Unknown
650000,Unknown
238210,Unknown
241260,Unknown
220260,Unknown
246580,Unknown
857980,Unknown
436110,Unknown
250340,Unknown
1393960,Unknown
1130410,Unknown
1210250,Unknown
1399760,Unknown
391270,Unknown
838380,Unknown
92100,Unknown
304530,Unknown
42670,Unknown
242980,Unknown
872670,Unknown
611020,Unknown
357290,Unknown
373330,Unknown
672640,Unknown
227480,Unknown
1344350,Unknown
1766740,Unknown
16730,Unknown
9000,Unknown
17710,Unknown
337410,Unknown
1343620,Unknown
802200,Unknown
518030,Unknown
3020,Unknown
1206240,Unknown
788260,Unknown
360870,Unknown
251950,Unknown
989440,Unknown
518800,Unknown
734580,Unknown
1294810,Unknown
227100,Unknown
542340,Unknown
292140,Unknown
370510,Unknown
386880,Unknown
41050,Unknown
696170,Unknown
324080,Unknown
619080,Unknown
565860,Unknown
334040,Unknown
2080690,Unknown
271500,Unknown
951440,Unknown
1144400,Unknown
215690,Unknown
19830,Unknown
286340,Unknown
994140,Unknown
243120,Unknown
784080,Unknown
469990,Unknown
21980,Unknown
256190,Unknown
344760,Unknown
3730,Unknown
405830,Unknown
515220,Unknown
1230570,Unknown
412400,Unknown
825380,Unknown
9460,Unknown
1172650,Unknown
468250,Unknown
880850,Unknown
272230,Unknown
274980,Unknown
1555710,Unknown
582890,Unknown
1583230,Unknown
1785150,Unknown
355150,Unknown
314450,Unknown
758990,Unknown
803140,Unknown
2285150,Unknown
1036890,Unknown
661790,Unknown
504490,Unknown
1263550,Unknown
17580,Unknown
1743850,Unknown
1874880,Unknown
651150,Unknown
283290,Unknown
482400,Unknown
728740,Unknown
1051690,Unknown
536280,Unknown
283390,Unknown
779650,Unknown
298600,Unknown
22340,Unknown
575550,Unknown
1556790,Unknown
993870,Unknown
434250,Unknown
214250,Unknown
1590910,Unknown
635730,Unknown
409510,Unknown
461640,Unknown
2379390,Unknown
369000,Unknown
445720,Unknown
519140,Unknown
963930,Unknown
1334010,Unknown
1121560,Unknown
449540,Unknown
1146630,Unknown
793350,Unknown
712840,Unknown
1096200,Unknown
1238880,Unknown
337950,Unknown
1070910,Unknown
342150,Unknown
63200,Unknown
485610,Unknown
616220,Unknown
1339140,Unknown
442780,Unknown
407330,Unknown
409160,Unknown
756800,Unknown
1230140,Unknown
828070,Unknown
684580,Unknown
1227800,Unknown
1310520,Unknown
336670,Unknown
1230170,Unknown
1119980,Unknown
2248760,Unknown
1217390,Unknown
1730590,Unknown
312150,Unknown
236510,Unknown
1058650,Unknown
44340,Unknown
15750,Unknown
503350,Unknown
1389990,Unknown
65560,Unknown
252630,Unknown
712050,Unknown
899970,Unknown
442810,Unknown
757130,Unknown
1072150,Unknown
418650,Unknown
772540,Unknown
1393350,Unknown
952040,Unknown
407230,Unknown
4720,Unknown
1227690,Unknown
234190,Unknown
1485870,Unknown
574090,Unknown
1334040,Unknown
1477830,Unknown
1792250,Unknown
562270,Unknown
1233270,Unknown
41014,Unknown
626680,Unknown
660880,Unknown
2096610,Unknown
1732190,Unknown
1008710,Unknown
335430,Unknown
1347430,Unknown
217690,Unknown
908520,Unknown
732730,Unknown
407840,Unknown
546930,Unknown
295690,Unknown
249630,Unknown
465240,Unknown
261760,Unknown
1360000,Unknown
407560,Unknown
2370,Unknown
692890,Unknown
862690,Unknown
1378360,Unknown
1144770,Unknown
1032430,Unknown
344910,Unknown
1494420,Unknown
2005010,Unknown
265770,Unknown
13540,Unknown
324570,Unknown
509220,Unknown
1069640,Unknown
1309,Unknown
248530,Unknown
555210,Unknown
1339790,Unknown
1457930,Unknown
893680,Unknown
434420,Unknown
351490,Unknown
1557990,Unknown
353560,Unknown
1190150,Unknown
706990,Unknown
1590180,Unknown
343630,Unknown
63940,Unknown
7860,Unknown
284460,Unknown
964800,Unknown
537430,Unknown
476360,Unknown
878750,Unknown
209630,Unknown
1548850,Unknown
671610,Unknown
1488640,Unknown
711990,Unknown
598060,Unknown
385730,Unknown
1359980,Unknown
1193340,Unknown
820520,Unknown
953820,Unknown
384570,Unknown
1230410,Unknown
1215390,Unknown
96800,Unknown
385400,Unknown
369400,Unknown
1150080,Unknown
527990,Unknown
15300,Unknown
385370,Unknown
1533420,Unknown
1170760,Unknown
1191210,Unknown
414120,Unknown
1423410,Unknown
1146300,Unknown
1371690,Unknown
243000,Unknown
508550,Unknown
998930,Unknown
1397170,Unknown
1118920,Unknown
567060,Unknown
9060,Unknown
414740,Unknown
1273480,Unknown
10220,Unknown
963710,Unknown
352460,Unknown
266110,Unknown
339230,Unknown
457210,Unknown
1108750,Unknown
1263370,Unknown
371670,Unknown
690810,Unknown
261490,Unknown
1150760,Unknown
1239020,Unknown
15390,Unknown
396280,Unknown
382080,Unknown
246700,Unknown
1324780,Unknown
575950,Unknown
1057850,Unknown
1257290,Unknown
385600,Unknown
416080,Unknown
311140,Unknown
299030,Unknown
507010,Unknown
1000500,Unknown
1773390,Unknown
382420,Unknown
2330,Unknown
608800,Unknown
502800,Unknown
616720,Unknown
209060,Unknown
326480,Unknown
1639790,Unknown
853770,Unknown
432100,Unknown
350990,Unknown
217140,Unknown
491130,Unknown
703700,Unknown
1508030,Unknown
2026290,Unknown
242840,Unknown
2640,Unknown
1078350,Unknown
652410,Unknown
994200,Unknown
65740,Unknown
430210,Unknown
521890,Unknown
1163870,Unknown
553660,Unknown
378270,Unknown
1186400,Unknown
566160,Unknown
805110,Unknown
2154820,Unknown
281410,Unknown
416590,Unknown
1109460,Unknown
602520,Unknown
1137220,Unknown
327740,Unknown
327510,Unknown
638110,Unknown
231330,Unknown
592580,Unknown
616830,Unknown
947940,Unknown
330580,Unknown
1575870,Unknown
223630,Unknown
382300,Unknown
46250,Unknown
1801650,Unknown
1256610,Unknown
2376980,Unknown
1491850,Unknown
331160,Unknown
1284820,Unknown
939510,Unknown
463350,Unknown
2360,Unknown
15190,Unknown
819500,Unknown
1506980,Unknown
815940,Unknown
880950,Unknown
206760,Unknown
391420,Unknown
765410,Unknown
297120,Unknown
338170,Unknown
614940,Unknown
1454890,Unknown
939520,Unknown
9030,Unknown
40,Unknown
842180,Unknown
1201400,Unknown
950180,Unknown
1043180,Unknown
615120,Unknown
1944430,Unknown
357330,Unknown
596940,Unknown
244590,Unknown
877200,Unknown
2026070,Unknown
1848450,Unknown
1784160,Unknown
329650,Unknown
390030,Unknown
751440,Unknown
655550,Unknown
1532690,Unknown
1210770,Unknown
1101450,Unknown
390340,Unknown
1300,Unknown
1486630,Unknown
1288320,Unknown
891220,Unknown
1770630,Unknown
220980,Unknown
321270,Unknown
1349060,Unknown
702050,Unknown
1366680,Unknown
3270,Unknown
595140,Unknown
495890,Unknown
1341890,Unknown
1693390,Unknown
653120,Unknown
322920,Unknown
1764910,Unknown
8100,Unknown
397040,Unknown
10130,Unknown
402330,Unknown
459160,Unknown
2190290,Unknown
347620,Unknown
1212830,Unknown
1138080,Unknown
907680,Unknown
1164940,Unknown
1182110,Unknown
15000,Unknown
7010,Unknown
407810,Unknown
1684930,Unknown
1410090,Unknown
2251630,Unknown
488430,Unknown
416290,Unknown
405820,Unknown
1681430,Unknown
527750,Unknown
1392750,Unknown
1916100,Unknown
20550,Unknown
453270,Unknown
11280,Unknown
766370,Unknown
1790560,Unknown
269730,Unknown
1158940,Unknown
331500,Unknown
555880,Unknown
362070,Unknown
233350,Unknown
610360,Unknown
1011940,Unknown
1655910,Unknown
340070,Unknown
1212620,Unknown
1064730,Unknown
486480,Unknown
783240,Unknown
353550,Unknown
801550,Unknown
967460,Unknown
722960,Unknown
343690,Unknown
284990,Unknown
966610,Unknown
1358050,Unknown
1515180,Unknown
956680,Unknown
1627120,Unknown
335320,Unknown
313830,Unknown
2450,Unknown
588210,Unknown
389700,Unknown
39670,Unknown
988910,Unknown
1039880,Unknown
1043610,Unknown
1148510,Unknown
39560,Unknown
302250,Unknown
511740,Unknown
1891010,Unknown
349580,Unknown
1563110,Unknown
1012110,Unknown
487700,Unknown
768450,Unknown
804270,Unknown
1662840,Unknown
2164390,Unknown
31700,Unknown
1170060,Unknown
22310,Unknown
1149660,Unknown
1471250,Unknown
346630,Unknown
1334730,Unknown
386480,Unknown
1209000,Unknown
1100990,Unknown
555450,Unknown
11240,Unknown
250580,Unknown
1293180,Unknown
497590,Unknown
628440,Unknown
1529110,Unknown
2478840,Unknown
238050,Unknown
421700,Unknown
450220,Unknown
1625110,Unknown
1092430,Unknown
717720,Unknown
605450,Unknown
1466300,Unknown
450860,Unknown
300820,Unknown
39530,Unknown
416130,Unknown
1389630,Unknown
1297300,Unknown
2059550,Unknown
624970,Unknown
1194810,Unknown
581630,Unknown
394540,Unknown
801220,Unknown
1595410,Unknown
1323420,Unknown
753610,Unknown
775940,Unknown
1598020,Unknown
1640260,Unknown
1047440,Unknown
1434480,Unknown
2082040,Unknown
727310,Unknown
647740,Unknown
223510,Unknown
950620,Unknown
1641960,Unknown
505740,Unknown
1802330,Unknown
1415660,Unknown
351290,Unknown
1338090,Unknown
504980,Unknown
1442170,Unknown
399120,Unknown
510050,Unknown
1530120,Unknown
1549690,Unknown
32670,Unknown
394760,Unknown
1405470,Unknown
1662990,Unknown
396360,Unknown
722180,Unknown
1038740,Unknown
1363810,Unknown
293860,Unknown
361800,Unknown
1186670,Unknown
1392060,Unknown
1587130,Unknown
405610,Unknown
2137990,Unknown
1612980,Unknown
1547110,Unknown
1313,Unknown
217100,Unknown
851890,Unknown
1741520,Unknown
19800,Unknown
1494100,Unknown
414550,Unknown
311120,Unknown
325180,Unknown
441790,Unknown
541210,Unknown
824600,Unknown
1342340,Unknown
1402320,Unknown
1926270,Unknown
703320,Unknown
283960,Unknown
1153430,Unknown
1250650,Unknown
1553420,Unknown
2492490,Unknown
92900,Unknown
241720,Unknown
2390,Unknown
1100970,Unknown
1984490,Unknown
2095120,Unknown
1523370,Unknown
1166740,Unknown
369580,Unknown
2022180,Unknown
1286320,Unknown
727850,Unknown
377290,Unknown
2306590,Unknown
1563030,Unknown
1205240,Unknown
860960,Unknown
411330,Unknown
18110,Unknown
259170,Unknown
229870,Unknown
301650,Unknown
316430,Unknown
1879720,Unknown
496550,Unknown
2390840,Unknown
755980,Unknown
503580,Unknown
1809380,Unknown
364910,Unknown
1540780,Unknown
1591160,Unknown
1672670,Unknown
1328350,Unknown
1525440,Unknown
400790,Unknown
759610,Unknown
1506280,Unknown
1339220,Unknown
458520,Unknown
564310,Unknown
1609730,Unknown
556240,Unknown
448370,Unknown
305380,Unknown
312210,Unknown
703970,Unknown
2228220,Unknown
514080,Unknown
1516960,Unknown
906930,Unknown
402180,Unknown
2290070,Unknown
1007350,Unknown
1648590,Unknown
1546010,Unknown
1618230,Unknown
1660280,Unknown
1706300,Unknown
1180030,Unknown
364810,Unknown
289400,Unknown
340310,Unknown
3710,Unknown
367270,Unknown
746510,Unknown
1517960,Unknown
2179650,Unknown
939600,Unknown
458560,Unknown
2063480,Unknown
1339460,Unknown
492760,Unknown
2168200,Unknown
1678430,Unknown
1957560,Unknown
1902250,Unknown
1456230,Unknown
1203420,Unknown
1376030,Unknown
1527890,Unknown
290650,Unknown
429700,Unknown
439370,Unknown
973000,Unknown
2349090,Unknown
346370,Unknown
457480,Unknown
201420,Unknown
747340,Unknown
2078780,Unknown
1316760,Unknown
1010750,Unknown
32630,Unknown
588440,Unknown
687850,Unknown
466500,Unknown
1432380,Unknown
1127460,Unknown
1829980,Unknown
2182770,Unknown
827860,Unknown
317040,Unknown
487430,Unknown
1366290,Unknown
910320,Unknown
868520,Unknown
623340,Unknown
1219480,Unknown
1733890,Unknown
920470,Unknown
1291500,Unknown
1566390,Unknown
47880,Unknown
2128400,Unknown
310110,Unknown
214630,Unknown
440730,Unknown
359050,Unknown
1223500,Unknown
915540,Unknown
1175200,Unknown
1371160,Unknown
2170650,Unknown
415030,Unknown
680320,Unknown
2086060,Unknown
1588870,Unknown
1120480,Unknown
805590,Unknown
709820,Unknown
624060,Unknown
2337690,Unknown
1394800,Unknown
2303300,Unknown
2413730,Unknown
1397690,Unknown
1597670,Unknown
1960590,Unknown
619880,Unknown
1466060,Unknown
552280,Unknown
1705180,Unknown
922630,Unknown
880400,Unknown
1032120,Unknown
1501760,Unknown
1341470,Unknown
1617360,Unknown
321260,Unknown
1831780,Unknown
1378290,Unknown
1125480,Unknown
751630,Unknown
2150900,Unknown
1894770,Unknown
330370,Unknown
366440,Unknown
758690,Unknown
1246020,Unknown
1454700,Unknown
305980,Unknown
1516580,Unknown
1406780,Unknown
1062830,Unknown
1605010,Unknown
1786790,Unknown
1978520,Unknown
2232870,Unknown
647000,Unknown
581030,Unknown
270010,Unknown
1219590,Unknown
630610,Unknown
227780,Unknown
1320950,Unknown
1480340,Unknown
963690,Unknown
1452180,Unknown
466890,Unknown
466840,Unknown
1812580,Unknown
1736980,Unknown
1303660,Unknown
1315070,Unknown
1786200,Unknown
1389190,Unknown
1879560,Unknown
1845760,Unknown
606960,Unknown
283370,Unknown
543030,Unknown
645790,Unknown
1935660,Unknown
887400,Unknown
1803150,Unknown
436560,Unknown
1642230,Unknown
512410,Unknown
837940,Unknown
446780,Unknown
377680,Unknown
1359900,Unknown
1419730,Unknown
957790,Unknown
830580,Unknown
871990,Unknown
1984630,Unknown
1344340,Unknown
2546150,Unknown
415590,Unknown
1472250,Unknown
1277930,Unknown
1510930,Unknown
223430,Unknown
980850,Unknown
1506520,Unknown
909750,Unknown
12390,Unknown
807140,Unknown
92600,Unknown
1468370,Unknown
273590,Unknown
601640,Unknown
229580,Unknown
451840,Unknown
259570,Unknown
407310,Unknown
296300,Unknown
1175250,Unknown
302240,Unknown
848500,Unknown
484870,Unknown
2347390,Unknown
560370,Unknown
340300,Unknown
1436240,Unknown
1569550,Unknown
1886370,Unknown
2269120,Unknown
1515140,Unknown
42140,Unknown
351150,Unknown
527340,Unknown
457760,Unknown
270110,Unknown
522940,Unknown
1286340,Unknown
1672140,Unknown
1417010,Unknown
834280,Unknown
502710,Unknown
352950,Unknown
1281150,Unknown
646200,Unknown
673000,Unknown
1980830,Unknown
1104640,Unknown
495720,Unknown
2463500,Unknown
731620,Unknown
826480,Unknown
1222300,Unknown
266050,Unknown
411080,Unknown
1599220,Unknown
1215980,Unknown
436260,Unknown
13630,Unknown
262190,Unknown
253610,Unknown
283980,Unknown
748370,Unknown
802870,Unknown
673130,Unknown
500980,Unknown
1508490,Unknown
2056420,Unknown
2285620,Unknown
1354270,Unknown
908620,Unknown
318690,Unknown
745850,Unknown
1427640,Unknown
1731520,Unknown
1051830,Unknown
1370950,Unknown
914690,Unknown
2220520,Unknown
277520,Unknown
1330290,Unknown
1440870,Unknown
854110,Unknown
36910,Unknown
1897480,Unknown
358400,Unknown
328070,Unknown
908310,Unknown
1495800,Unknown
849940,Unknown
546230,Unknown
555400,Unknown
1933650,Unknown
741820,Unknown
1079800,Unknown
345440,Unknown
296180,Unknown
300760,Unknown
1578920,Unknown
2388690,Unknown
341860,Unknown
594550,Unknown
2780,Unknown
890880,Unknown
2209680,Unknown
1879030,Unknown
1349830,Unknown
546660,Unknown
1269720,Unknown
927890,Unknown
1769730,Unknown
1248810,Unknown
624950,Unknown
293520,Unknown
741670,Unknown
1192900,Unknown
1899400,Unknown
2099270,Unknown
604230,Unknown
1612730,Unknown
584780,Unknown
328460,Unknown
634070,Unknown
473520,Unknown
324650,Unknown
1999140,Unknown
904360,Unknown
794490,Unknown
644290,Unknown
1097580,Unknown
881690,Unknown
1463030,Unknown
2306710,Unknown
544310,Unknown
2443360,Unknown
687920,Unknown
681390,Unknown
1135830,Unknown
811750,Unknown
1631930,Unknown
978840,Unknown
1318520,Unknown
1800650,Unknown
2351160,Unknown
1824150,Unknown
1274800,Unknown
1586290,Unknown
1386890,Unknown
1044620,Unknown
2281200,Unknown
622170,Unknown
1333950,Unknown
1356160,Unknown
289180,Unknown
32680,Unknown
1338840,Unknown
1931240,Unknown
1120850,Unknown
1828010,Unknown
13250,Unknown
389510,Unknown
1489600,Unknown
669290,Unknown
676500,Unknown
1464930,Unknown
1065970,Unknown
1060670,Unknown
27330,Unknown
511630,Unknown
27900,Unknown
489380,Unknown
32620,Unknown
510500,Unknown
1210360,Unknown
1346400,Unknown
1987110,Unknown
2326830,Unknown
1382670,Unknown
1437270,Unknown
424000,Unknown
41060,Unknown
677480,Unknown
1393410,Unknown
454350,Unknown
1352540,Unknown
502910,Unknown
880510,Unknown
2226100,Unknown
2191920,Unknown
407980,Unknown
410430,Unknown
2535830,Unknown
1101120,Unknown
753590,Unknown
433170,Unknown
1471200,Unknown
1638100,Unknown
2279410,Unknown
2204430,Unknown
2464680,Unknown
259620,Unknown
530350,Unknown
397150,Unknown
1492070,Unknown
1560250,Unknown
1288790,Unknown
926580,Unknown
555000,Unknown
263360,Unknown
871850,Unknown
389800,Unknown
1391690,Unknown
2591970,Unknown
502720,Unknown
1860510,Unknown
814480,Unknown
1385190,Unknown
858590,Unknown
1897410,Unknown
2334340,Unknown
1279240,Unknown
339040,Unknown
1734680,Unknown
43190,Unknown
570840,Unknown
1574450,Unknown
931320,Unknown
1329540,Unknown
1694960,Unknown
1630920,Unknown
307090,Unknown
548480,Unknown
637410,Unknown
263480,Unknown
2180310,Unknown
19200,Unknown
2141690,Unknown
843390,Unknown
752480,Unknown
801910,Unknown
1277970,Unknown
881510,Unknown
762080,Unknown
1210260,Unknown
1806570,Unknown
477180,Unknown
1998040,Unknown
2226640,Unknown
403860,Unknown
447270,Unknown
294540,Unknown
555750,Unknown
368860,Unknown
617700,Unknown
1370570,Unknown
690980,Unknown
254370,Unknown
658890,Unknown
928950,Unknown
1914790,Unknown
1476520,Unknown
791380,Unknown
1971770,Unknown
201070,Unknown
574080,Unknown
458730,Unknown
1920490,Unknown
1609440,Unknown
1957910,Unknown
372750,Unknown
964070,Unknown
1590010,Unknown
2147310,Unknown
1541110,Unknown
1706980,Unknown
2057070,Unknown
1350540,Unknown
555660,Unknown
32610,Unknown
263420,Unknown
294530,Unknown
9040,Unknown
2433320,Unknown
591680,Unknown
331200,Unknown
1129210,Unknown
1629480,Unknown
725780,Unknown
1216220,Unknown
1410840,Unknown
1547380,Unknown
1271050,Unknown
951000,Unknown
928370,Unknown
1923080,Unknown
2664330,Unknown
366960,Unknown
646100,Unknown
428630,Unknown
640050,Unknown
1473640,Unknown
1966300,Unknown
1691480,Unknown
1568620,Unknown
1159560,Unknown
2084510,Unknown
691320,Unknown
1990270,Unknown
1100860,Unknown
32640,Unknown
299950,Unknown
1854050,Unknown
754850,Unknown
1256380,Unknown
977050,Unknown
1243880,Unknown
1043340,Unknown
1843090,Unknown
589460,Unknown
654660,Unknown
1413540,Unknown
317970,Unknown
2162780,Unknown
813700,Unknown
1552620,Unknown
448850,Unknown
1397110,Unknown
1116210,Unknown
1714420,Unknown
1549750,Unknown
991260,Unknown
1358710,Unknown
352790,Unknown
1931050,Unknown
1056330,Unknown
530240,Unknown
297450,Unknown
409320,Unknown
649580,Unknown
299050,Unknown
1922010,Unknown
314280,Unknown
1930640,Unknown
1426570,Unknown
910190,Unknown
1655410,Unknown
1116230,Unknown
1262460,Unknown
1277940,Unknown
2189750,Unknown
285670,Unknown
1535480,Unknown
1174690,Unknown
2221540,Unknown
393610,Unknown
585080,Unknown
448020,Unknown
654850,Unknown
1273390,Unknown
1202310,Unknown
456180,Unknown
1435660,Unknown
2233140,Unknown
342550,Unknown
811270,Unknown
311800,Unknown
1125870,Unknown
1122970,Unknown
1631850,Unknown
1298140,Unknown
397320,Unknown
372820,Unknown
321030,Unknown
379980,Unknown
1340910,Unknown
1039870,Unknown
1614780,Unknown
408650,Unknown
2055220,Unknown
1956600,Unknown
436320,Unknown
1776970,Unknown
926540,Unknown
1460830,Unknown
1732740,Unknown
1834620,Unknown
661000,Unknown
412050,Unknown
888790,Unknown
1436280,Unknown
717820,Unknown
1583880,Unknown
2128970,Unknown
1651870,Unknown
2188260,Unknown
1932180,Unknown
1707620,Unknown
744520,Unknown
1513740,Unknown
926810,Unknown
1636850,Unknown
1657810,Unknown
1985930,Unknown
874830,Unknown
875270,Unknown
1950470,Unknown
1382870,Unknown
1367970,Unknown
2553350,Unknown
547710,Unknown
586790,Unknown
541920,Unknown
1692240,Unknown
1573090,Unknown
363460,Unknown
859340,Unknown
1449140,Unknown
1715690,Unknown
1090250,Unknown
1224600,Unknown
696220,Unknown
1324730,Unknown
1536830,Unknown
787040,Unknown
1501110,Unknown
1823670,Unknown
799340,Unknown
2340190,Unknown
1276170,Unknown
480500,Unknown
2340,Unknown
286770,Unknown
976390,Unknown
1000410,Unknown
1031670,Unknown
1965840,Unknown
688480,Unknown
1563190,Unknown
1485970,Unknown
1649870,Unknown
2166310,Unknown
2122170,Unknown
331450,Unknown
427240,Unknown
541300,Unknown
2364570,Unknown
1748100,Unknown
1163910,Unknown
712190,Unknown
885730,Unknown
2237010,Unknown
428440,Unknown
1680440,Unknown
1940190,Unknown
1487120,Unknown
773390,Unknown
338710,Unknown
2072660,Unknown
780100,Unknown
1905020,Unknown
749780,Unknown
886220,Unknown
1495830,Unknown
1420850,Unknown
752900,Unknown
1509090,Unknown
1766010,Unknown
578210,Unknown
916930,Unknown
1144440,Unknown
313210,Unknown
1927030,Unknown
876460,Unknown
1827300,Unknown
2015610,Unknown
2195750,Unknown
2271200,Unknown
837590,Unknown
805270,Unknown
2461600,Unknown
1121680,Unknown
1172830,Unknown
1148400,Unknown
577410,Unknown
1278390,Unknown
2126500,Unknown
1387510,Unknown
1062070,Unknown
1706540,Unknown
2343850,Unknown
1589860,Unknown
2114860,Unknown
1343330,Unknown
1825990,Unknown
1968950,Unknown
1361050,Unknown
386290,Unknown
38430,Unknown
334540,Unknown
1660430,Unknown
1260400,Unknown
1423370,Unknown
1188540,Unknown
1447830,Unknown
296890,Unknown
941850,Unknown
312230,Unknown
380220,Unknown
789950,Unknown
1885090,Unknown
317060,Unknown
1437770,Unknown
2132510,Unknown
1854890,Unknown
1467360,Unknown
32770,Unknown
1305300,Unknown
2157680,Unknown
562410,Unknown
1574260,Unknown
1599910,Unknown
1024970,Unknown
1804130,Unknown
965640,Unknown
851950,Unknown
883100,Unknown
1032670,Unknown
2187570,Unknown
556780,Unknown
429490,Unknown
1345050,Unknown
705060,Unknown
1863400,Unknown
882860,Unknown
1879000,Unknown
1870970,Unknown
2565180,Unknown
2319390,Unknown
607210,Unknown
32650,Unknown
1693280,Unknown
283920,Unknown
2211730,Unknown
223490,Unknown
1489400,Unknown
1498250,Unknown
963220,Unknown
930620,Unknown
1458390,Unknown
621070,Unknown
1264500,Unknown
2129140,Unknown
1424120,Unknown
1754170,Unknown
1759340,Unknown
1640890,Unknown
370800,Unknown
444140,Unknown
446620,Unknown
528200,Unknown
2458530,Unknown
1458460,Unknown
952950,Unknown
1342790,Unknown
1097620,Unknown
975120,Unknown
2298140,Unknown
2342760,Unknown
886040,Unknown
1484100,Unknown
2354710,Unknown
935110,Unknown
1755110,Unknown
1499310,Unknown
2280220,Unknown
1500540,Unknown
1531020,Unknown
690200,Unknown
1107340,Unknown
13620,Unknown
771920,Unknown
1155870,Unknown
1608470,Unknown
664090,Unknown
414510,Unknown
552450,Unknown
873190,Unknown
515040,Unknown
1137910,Unknown
1071290,Unknown
1058060,Unknown
1665500,Unknown
1762270,Unknown
1223870,Unknown
1969620,Unknown
320790,Unknown
1697420,Unknown
1987040,Unknown
1812260,Unknown
2155710,Unknown
1819770,Unknown
1819210,Unknown
1779240,Unknown
1638870,Unknown
1841200,Unknown
2584470,Unknown
580940,Unknown
475090,Unknown
294700,Unknown
435420,Unknown
273580,Unknown
1913370,Unknown
1947500,Unknown
1303820,Unknown
1112690,Unknown
1111300,Unknown
1595710,Unknown
1503670,Unknown
1598160,Unknown
530960,Unknown
931700,Unknown
719200,Unknown
511440,Unknown
1074630,Unknown
2406950,Unknown
2309530,Unknown
1678410,Unknown
1522010,Unknown
1190780,Unknown
1428630,Unknown
1835790,Unknown
1880980,Unknown
814610,Unknown
575690,Unknown
434290,Unknown
379960,Unknown
1918970,Unknown
518720,Unknown
1016360,Unknown
1802980,Unknown
1140100,Unknown
1779650,Unknown
470130,Unknown
1708200,Unknown
2225080,Unknown
1361440,Unknown
397580,Unknown
1768790,Unknown
1250940,Unknown
1798470,Unknown
2206310,Unknown
1278710,Unknown
1397220,Unknown
870390,Unknown
562740,Unknown
494290,Unknown
493310,Unknown
359940,Unknown
1820560,Unknown
1527520,Unknown
1777830,Unknown
1101180,Unknown
1499800,Unknown
850330,Unknown
796440,Unknown
1404150,Unknown
1895230,Unknown
1159640,Unknown
1349120,Unknown
1422980,Unknown
1640080,Unknown
2180980,Unknown
1155830,Unknown
2231160,Unknown
610860,Unknown
974090,Unknown
2307120,Unknown
1394640,Unknown
987850,Unknown
1388370,Unknown
1528570,Unknown
939000,Unknown
1547160,Unknown
1571940,Unknown
1433330,Unknown
1269690,Unknown
1319460,Unknown
1533520,Unknown
2492050,Unknown
1190110,Unknown
567320,Unknown
1994510,Unknown
1600600,Unknown
1000860,Unknown
1495910,Unknown
2260960,Unknown
2519850,Unknown
404630,Unknown
460510,Unknown
301990,Unknown
629540,Unknown
1154830,Unknown
541200,Unknown
1330920,Unknown
1470670,Unknown
1777670,Unknown
1729420,Unknown
958320,Unknown
1533470,Unknown
656700,Unknown
427880,Unknown
569530,Unknown
1921130,Unknown
616680,Unknown
758730,Unknown
1181330,Unknown
2468540,Unknown
1650150,Unknown
904860,Unknown
2127590,Unknown
1721910,Unknown
2163600,Unknown
1566740,Unknown
1459260,Unknown
1791300,Unknown
828640,Unknown
438790,Unknown
1709510,Unknown
1550030,Unknown
2437430,Unknown
376760,Unknown
731720,Unknown
279920,Unknown
603130,Unknown
32660,Unknown
663110,Unknown
1913420,Unknown
2499470,Unknown
655730,Unknown
993110,Unknown
1606890,Unknown
1978460,Unknown
1952900,Unknown
1217930,Unknown
1071700,Unknown
1527260,Unknown
2050680,Unknown
1899810,Unknown
1291530,Unknown
1102780,Unknown
891510,Unknown
1742910,Unknown
1882750,Unknown
570230,Unknown
1686680,Unknown
712810,Unknown
364850,Unknown
1441340,Unknown
2112580,Unknown
1480190,Unknown
1564230,Unknown
1402780,Unknown
1925710,Unknown
1113850,Unknown
399100,Unknown
1814060,Unknown
2347360,Unknown
718030,Unknown
666310,Unknown
493320,Unknown
358190,Unknown
227800,Unknown
1785120,Unknown
635310,Unknown
417990,Unknown
678520,Unknown
2360710,Unknown
1169760,Unknown
1092050,Unknown
1408860,Unknown
1425730,Unknown
867400,Unknown
1765780,Unknown
1427890,Unknown
1044820,Unknown
1099450,Unknown
1397940,Unknown
1051840,Unknown
684720,Unknown
860260,Unknown
626200,Unknown
1421140,Unknown
1441210,Unknown
2421690,Unknown
1149090,Unknown
1605640,Unknown
1777110,Unknown
1766310,Unknown
1417320,Unknown
511190,Unknown
294710,Unknown
661740,Unknown
409340,Unknown
292060,Unknown
2183240,Unknown
273600,Unknown
37700,Unknown
364940,Unknown
290060,Unknown
65710,Unknown
559620,Unknown
1572150,Unknown
1825380,Unknown
1077210,Unknown
1091590,Unknown
2151820,Unknown
573110,Unknown
1365030,Unknown
1713190,Unknown
1383630,Unknown
1167320,Unknown
1546440,Unknown
1205260,Unknown
1524630,Unknown
1325870,Unknown
857450,Unknown
433900,Unknown
795160,Unknown
1481580,Unknown
1200290,Unknown
735410,Unknown
2117450,Unknown
2310590,Unknown
2140150,Unknown
2093110,Unknown
1113680,Unknown
1981530,Unknown
1519610,Unknown
1394160,Unknown
259720,Unknown
1687430,Unknown
2294290,Unknown
375330,Unknown
493820,Unknown
873930,Unknown
294690,Unknown
276340,Unknown
992730,Unknown
327880,Unknown
567670,Unknown
1985820,Unknown
1978750,Unknown
1296010,Unknown
1455380,Unknown
1306790,Unknown
1844060,Unknown
1341210,Unknown
1621560,Unknown
1269930,Unknown
350600,Unknown
379420,Unknown
843250,Unknown
1970510,Unknown
1436220,Unknown
1465160,Unknown
1540140,Unknown
1351720,Unknown
2176540,Unknown
1986930,Unknown
1330690,Unknown
1297430,Unknown
1216590,Unknown
2635460,Unknown
1334110,Unknown
697850,Unknown
568860,Unknown
2184150,Unknown
358410,Unknown
468800,Unknown
2084940,Unknown
2010370,Unknown
733740,Unknown
828580,Unknown
685690,Unknown
301840,Unknown
1856030,Unknown
1150990,Unknown
1437050,Unknown
1384320,Unknown
1055610,Unknown
1226530,Unknown
501860,Unknown
725280,Unknown
329770,Unknown
976780,Unknown
858940,Unknown
377980,Unknown
919200,Unknown
1324630,Unknown
1801560,Unknown
1562060,Unknown
1359850,Unknown
2127990,Unknown
1171270,Unknown
1215260,Unknown
1517190,Unknown
882980,Unknown
1682420,Unknown
1853810,Unknown
2085910,Unknown
1020410,Unknown
723350,Unknown
2235350,Unknown
2398760,Unknown
293720,Unknown
2427470,Unknown
1409200,Unknown
1827690,Unknown
416020,Unknown
312650,Unknown
347720,Unknown
546390,Unknown
2005810,Unknown
1655430,Unknown
1232610,Unknown
1604280,Unknown
731250,Unknown
771810,Unknown
1427800,Unknown
605160,Unknown
1922550,Unknown
1394520,Unknown
433600,Unknown
926210,Unknown
1085010,Unknown
898460,Unknown
1227160,Unknown
1960710,Unknown
1353830,Unknown
1801470,Unknown
1697630,Unknown
1339290,Unknown
1379640,Unknown
923530,Unknown
1990280,Unknown
653920,Unknown
2094180,Unknown
1759990,Unknown
1807430,Unknown
787650,Unknown
932870,Unknown
1348880,Unknown
1463080,Unknown
982440,Unknown
1721830,Unknown
1884050,Unknown
1967340,Unknown
1369410,Unknown
1699380,Unknown
263640,Unknown
2192840,Unknown
2536130,Unknown
1609570,Unknown
700480,Unknown
837600,Unknown
639270,Unknown
639130,Unknown
2452220,Unknown
1789270,Unknown
1065850,Unknown
1651950,Unknown
1051890,Unknown
668320,Unknown
1148560,Unknown
1963450,Unknown
1274540,Unknown
510930,Unknown
892650,Unknown
2294280,Unknown
745340,Unknown
843050,Unknown
1585040,Unknown
2095560,Unknown
1935240,Unknown
385700,Unknown
1462580,Unknown
1036920,Unknown
1536000,Unknown
987950,Unknown
1742840,Unknown
771400,Unknown
1560510,Unknown
1729840,Unknown
1692470,Unknown
1258140,Unknown
743380,Unknown
547930,Unknown
376770,Unknown
595100,Unknown
1523510,Unknown
703310,Unknown
1963510,Unknown
1117350,Unknown
590970,Unknown
750990,Unknown
1558830,Unknown
2383990,Unknown
1592290,Unknown
750470,Unknown
371180,Unknown
2307430,Unknown
1540570,Unknown
1257250,Unknown
2417160,Unknown
1199910,Unknown
1234260,Unknown
1251300,Unknown
1023980,Unknown
977390,Unknown
614030,Unknown
1959840,Unknown
365760,Unknown
763490,Unknown
2466090,Unknown
2221740,Unknown
1300790,Unknown
1697680,Unknown
1276490,Unknown
1264420,Unknown
1427510,Unknown
1413170,Unknown
598030,Unknown
1987440,Unknown
1413490,Unknown
1548510,Unknown
1202830,Unknown
2315800,Unknown
785150,Unknown
894330,Unknown
1965670,Unknown
1452080,Unknown
1228920,Unknown
2267350,Unknown
1887490,Unknown
1912710,Unknown
1491910,Unknown
704000,Unknown
370600,Unknown
759540,Unknown
552140,Unknown
565550,Unknown
2559270,Unknown
347170,Unknown
529910,Unknown
521950,Unknown
2009100,Unknown
2027330,Unknown
997560,Unknown
1288430,Unknown
1077340,Unknown
1056970,Unknown
611300,Unknown
1640300,Unknown
1092400,Unknown
1902050,Unknown
548240,Unknown
984610,Unknown
897040,Unknown
995470,Unknown
2137090,Unknown
1273720,Unknown
391650,Unknown
2372080,Unknown
1463020,Unknown
2634420,Unknown
2419430,Unknown
1820810,Unknown
1729820,Unknown
1400150,Unknown
1967450,Unknown
946090,Unknown
1626710,Unknown
1653790,Unknown
1293190,Unknown
1853970,Unknown
1443250,Unknown
1600670,Unknown
1234500,Unknown
842560,Unknown
870100,Unknown
2251870,Unknown
357840,Unknown
351820,Unknown
1306970,Unknown
1949370,Unknown
295770,Unknown
294670,Unknown
2020670,Unknown
1291680,Unknown
1607400,Unknown
1867580,Unknown
1662010,Unknown
1311570,Unknown
704020,Unknown
1208770,Unknown
1584840,Unknown
1243200,Unknown
1656640,Unknown
1428470,Unknown
1121710,Unknown
1533610,Unknown
2072830,Unknown
773330,Unknown
489160,Unknown
976120,Unknown
951570,Unknown
2559820,Unknown
1423010,Unknown
1496710,Unknown
874700,Unknown
2203030,Unknown
1075980,Unknown
1256690,Unknown
1518380,Unknown
1923860,Unknown
1878050,Unknown
1737640,Unknown
1884030,Unknown
1643530,Unknown
1674490,Unknown
1186100,Unknown
1409540,Unknown
556440,Unknown
697010,Unknown
751240,Unknown
1124600,Unknown
2328500,Unknown
1796840,Unknown
1376010,Unknown
2516430,Unknown
374510,Unknown
1683000,Unknown
280890,Unknown
448060,Unknown
257770,Unknown
2094250,Unknown
382360,Unknown
685680,Unknown
1265800,Unknown
1931020,Unknown
1766230,Unknown
1964140,Unknown
1887260,Unknown
1801220,Unknown
1977960,Unknown
775620,Unknown
1396260,Unknown
1706570,Unknown
1689190,Unknown
1510570,Unknown
1846330,Unknown
1051270,Unknown
1955980,Unknown
1470060,Unknown
810800,Unknown
746660,Unknown
759060,Unknown
1373380,Unknown
534920,Unknown
937870,Unknown
634150,Unknown
1698110,Unknown
1927600,Unknown
1451440,Unknown
2296980,Unknown
930030,Unknown
1626680,Unknown
2472970,Unknown
1395080,Unknown
1712570,Unknown
559900,Unknown
1516950,Unknown
1154420,Unknown
880800,Unknown
2094420,Unknown
1955000,Unknown
1590150,Unknown
1772950,Unknown
1639340,Unknown
2122210,Unknown
764590,Unknown
329640,Unknown
1903530,Unknown
567370,Unknown
2276850,Unknown
2153780,Unknown
1968710,Unknown
531270,Unknown
274130,Unknown
1440470,Unknown
1557840,Unknown
1429350,Unknown
1073870,Unknown
1705030,Unknown
1251750,Unknown
1280370,Unknown
1530720,Unknown
1135910,Unknown
594050,Unknown
741990,Unknown
299840,Unknown
589740,Unknown
682100,Unknown
2550460,Unknown
1423270,Unknown
2324750,Unknown
1477120,Unknown
2384900,Unknown
1834640,Unknown
2120830,Unknown
1364890,Unknown
2113440,Unknown
976240,Unknown
1178180,Unknown
1667170,Unknown
2124810,Unknown
2140410,Unknown
350620,Unknown
1528020,Unknown
435250,Unknown
2242100,Unknown
1481440,Unknown
552460,Unknown
273570,Unknown
758090,Unknown
2410750,Unknown
1344440,Unknown
2102680,Unknown
1156120,Unknown
1336430,Unknown
1296970,Unknown
1279280,Unknown
854770,Unknown
1422410,Unknown
1304350,Unknown
1192890,Unknown
1426280,Unknown
1854980,Unknown
985080,Unknown
1074080,Unknown
405010,Unknown
1319690,Unknown
2077170,Unknown
1548620,Unknown
1582720,Unknown
450740,Unknown
783450,Unknown
668980,Unknown
1756180,Unknown
911580,Unknown
823530,Unknown
1795620,Unknown
1492430,Unknown
1412560,Unknown
1122870,Unknown
1287150,Unknown
1090470,Unknown
1930140,Unknown
1829010,Unknown
2088120,Unknown
1144250,Unknown
1508570,Unknown
1888210,Unknown
1561480,Unknown
708830,Unknown
1304800,Unknown
1387060,Unknown
1418610,Unknown
810540,Unknown
1409260,Unknown
2212660,Unknown
1857900,Unknown
346920,Unknown
1771210,Unknown
1886850,Unknown
514140,Unknown
294580,Unknown
338300,Unknown
731590,Unknown
1878920,Unknown
318950,Unknown
2089110,Unknown
817230,Unknown
2234150,Unknown
2272250,Unknown
2348170,Unknown
2061230,Unknown
598440,Unknown
446120,Unknown
2372380,Unknown
1421490,Unknown
1579880,Unknown
1535900,Unknown
668840,Unknown
1563550,Unknown
1532830,Unknown
2213450,Unknown
1513840,Unknown
1073130,Unknown
1220100,Unknown
352960,Unknown
1333700,Unknown
1403280,Unknown
1346770,Unknown
1596440,Unknown
1449000,Unknown
1593490,Unknown
965590,Unknown
535380,Unknown
376750,Unknown
1339110,Unknown
1793020,Unknown
696650,Unknown
569630,Unknown
1692520,Unknown
1831550,Unknown
1646390,Unknown
1848650,Unknown
949450,Unknown
2297130,Unknown
975240,Unknown
1351580,Unknown
1000900,Unknown
1602460,Unknown
1985950,Unknown
1448400,Unknown
1466550,Unknown
1501540,Unknown
1531460,Unknown
1514910,Unknown
1433540,Unknown
1509050,Unknown
1456490,Unknown
1578710,Unknown
1941180,Unknown
1941890,Unknown
2391300,Unknown
2587930,Unknown
2264400,Unknown
1043870,Unknown
1983330,Unknown
2207520,Unknown
2534670,Unknown
2159450,Unknown
2302670,Unknown
2167790,Unknown
2558800,Unknown
2304130,Unknown
1347310,Unknown
533320,Unknown
317020,Unknown
2234060,Unknown
604770,Unknown
1665260,Unknown
294720,Unknown
517670,Unknown
2321180,Unknown
543390,Unknown
1636030,Unknown
644640,Unknown
617660,Unknown
2026870,Unknown
1762510,Unknown
1348400,Unknown
2179720,Unknown
1044930,Unknown
1295220,Unknown
2011860,Unknown
1525890,Unknown
1019590,Unknown
1944250,Unknown
987020,Unknown
1782740,Unknown
649970,Unknown
2025830,Unknown
1588650,Unknown
382250,Unknown
985530,Unknown
618690,Unknown
1453940,Unknown
531530,Unknown
820530,Unknown
786910,Unknown
1224380,Unknown
1363390,Unknown
598740,Unknown
1972550,Unknown
664350,Unknown
1807590,Unknown
1922980,Unknown
1528300,Unknown
1980440,Unknown
958480,Unknown
1475600,Unknown
1533970,Unknown
1771000,Unknown
1850240,Unknown
1769380,Unknown
1455490,Unknown
1609300,Unknown
374990,Unknown
2498870,Unknown
948120,Unknown
1650300,Unknown
1889440,Unknown
1662270,Unknown
372740,Unknown
1443030,Unknown
1322010,Unknown
1137490,Unknown
2180180,Unknown
1868240,Unknown
2205260,Unknown
1774770,Unknown
640300,Unknown
1749200,Unknown
1763510,Unknown
837040,Unknown
2266930,Unknown
557750,Unknown
1247290,Unknown
2435900,Unknown
746140,Unknown
1824960,Unknown
723390,Unknown
1718400,Unknown
1909030,Unknown
1730750,Unknown
1367220,Unknown
1860370,Unknown
1451970,Unknown
1171260,Unknown
1127170,Unknown
1545600,Unknown
1295390,Unknown
1355780,Unknown
638130,Unknown
421190,Unknown
1341160,Unknown
1510580,Unknown
1090800,Unknown
879000,Unknown
647590,Unknown
1187330,Unknown
1094530,Unknown
1275880,Unknown
1751850,Unknown
1571330,Unknown
1347350,Unknown
683000,Unknown
790750,Unknown
882150,Unknown
1586370,Unknown
1103800,Unknown
1012410,Unknown
2382410,Unknown
1573330,Unknown
1861310,Unknown
1534050,Unknown
510570,Unknown
1464050,Unknown
414770,Unknown
920450,Unknown
1235570,Unknown
1596330,Unknown
793560,Unknown
2209010,Unknown
1966450,Unknown
2266010,Unknown
1185520,Unknown
1300160,Unknown
1327450,Unknown
1601260,Unknown
1808890,Unknown
2216560,Unknown
779610,Unknown
2317870,Unknown
688350,Unknown
1198810,Unknown
1885120,Unknown
351810,Unknown
1746520,Unknown
438260,Unknown
1688340,Unknown
1786810,Unknown
1619820,Unknown
2392070,Unknown
925010,Unknown
2130500,Unknown
2248880,Unknown
2116150,Unknown
2529210,Unknown
1239800,Unknown
2366080,Unknown
722750,Unknown
601380,Unknown
595120,Unknown
1945590,Unknown
2271980,Unknown
579820,Unknown
717790,Unknown
365020,Unknown
2242710,Unknown
1210930,Unknown
1866110,Unknown
1685510,Unknown
942390,Unknown
1526120,Unknown
1604780,Unknown
1261130,Unknown
1337100,Unknown
1142220,Unknown
1034060,Unknown
1699860,Unknown
1829650,Unknown
1444920,Unknown
1128140,Unknown
1188250,Unknown
1066180,Unknown
1789650,Unknown
1600780,Unknown
1238680,Unknown
1587910,Unknown
1543340,Unknown
1460510,Unknown
1415830,Unknown
897300,Unknown
1543520,Unknown
1088950,Unknown
1893260,Unknown
2599900,Unknown
1749360,Unknown
787550,Unknown
1777730,Unknown
1473270,Unknown
2074490,Unknown
1377030,Unknown
2145960,Unknown
1731690,Unknown
2061530,Unknown
2099940,Unknown
1177950,Unknown
2234550,Unknown
1519570,Unknown
1252510,Unknown
739270,Unknown
2256650,Unknown
1725560,Unknown
1724630,Unknown
1366390,Unknown
1788620,Unknown
2205070,Unknown
1523900,Unknown
654950,Unknown
1046490,Unknown
1864210,Unknown
694070,Unknown
1769930,Unknown
1721620,Unknown
1751400,Unknown
2255080,Unknown
2194950,Unknown
1807660,Unknown
2189620,Unknown
1728300,Unknown
1172430,Unknown
1600880,Unknown
2128330,Unknown
1142850,Unknown
1730020,Unknown
2294880,Unknown
2207590,Unknown
2147710,Unknown
2658590,Unknown
348810,Unknown
2154730,Unknown
880200,Unknown
2358790,Unknown
641910,Unknown
1964870,Unknown
509770,Unknown
368600,Unknown
503340,Unknown
2176850,Unknown
2085920,Unknown
1647420,Unknown
321060,Unknown
490490,Unknown
384960,Unknown
1996210,Unknown
714800,Unknown
1886070,Unknown
1604380,Unknown
1226880,Unknown
1678090,Unknown
1258800,Unknown
1263220,Unknown
2272950,Unknown
2374010,Unknown
2395260,Unknown
1902120,Unknown
1352020,Unknown
1151680,Unknown
1203650,Unknown
1376580,Unknown
1435970,Unknown
1089780,Unknown
1148810,Unknown
1340640,Unknown
831660,Unknown
357690,Unknown
1280100,Unknown
750210,Unknown
2490760,Unknown
2318920,Unknown
401250,Unknown
1459510,Unknown
986480,Unknown
643970,Unknown
1136420,Unknown
706440,Unknown
1759930,Unknown
1462700,Unknown
2058220,Unknown
2066610,Unknown
452650,Unknown
2153600,Unknown
914500,Unknown
2059390,Unknown
1860160,Unknown
1355590,Unknown
1687130,Unknown
1729920,Unknown
1336800,Unknown
2071060,Unknown
1440910,Unknown
1570480,Unknown
1364000,Unknown
499230,Unknown
1965020,Unknown
1854540,Unknown
1680280,Unknown
1637570,Unknown
2241540,Unknown
1076130,Unknown
1645770,Unknown
885630,Unknown
2429040,Unknown
1871090,Unknown
2011480,Unknown
1370470,Unknown
1395280,Unknown
1939770,Unknown
31300,Unknown
2115400,Unknown
753990,Unknown
725640,Unknown
1828880,Unknown
1240460,Unknown
1187870,Unknown
2456690,Unknown
2276550,Unknown
2068400,Unknown
2091520,Unknown
693830,Unknown
637330,Unknown
1496310,Unknown
501950,Unknown
514150,Unknown
2215270,Unknown
715690,Unknown
2274510,Unknown
1646350,Unknown
596240,Unknown
1627850,Unknown
1573110,Unknown
997000,Unknown
1445120,Unknown
1258730,Unknown
1725480,Unknown
2018270,Unknown
1348760,Unknown
1051290,Unknown
1350430,Unknown
1257930,Unknown
1937160,Unknown
1599000,Unknown
1565660,Unknown
1058560,Unknown
1352680,Unknown
700240,Unknown
747690,Unknown
1310970,Unknown
1739880,Unknown
1410110,Unknown
666590,Unknown
1820380,Unknown
1879970,Unknown
1690990,Unknown
1051250,Unknown
1808700,Unknown
937530,Unknown
1222870,Unknown
1872870,Unknown
2618420,Unknown
2082510,Unknown
1882550,Unknown
388430,Unknown
296010,Unknown
1950140,Unknown
1720510,Unknown
1748340,Unknown
1510380,Unknown
809500,Unknown
2473750,Unknown
2489300,Unknown
2512280,Unknown
958280,Unknown
1392660,Unknown
1505720,Unknown
2315140,Unknown
2631020,Unknown
2214030,Unknown
1758340,Unknown
2166260,Unknown
1506940,Unknown
2001140,Unknown
463870,Unknown
1309760,Unknown
1280210,Unknown
1356070,Unknown
2120880,Unknown
855970,Unknown
1995800,Unknown
1237050,Unknown
1322280,Unknown
1199620,Unknown
2249250,Unknown
1012640,Unknown
1265070,Unknown
1470650,Unknown
1430810,Unknown
1744610,Unknown
2110930,Unknown
1912480,Unknown
793510,Unknown
1453200,Unknown
1896190,Unknown
1882330,Unknown
1949130,Unknown
1389980,Unknown
2105400,Unknown
2321690,Unknown
1504260,Unknown
2342830,Unknown
1731940,Unknown
2057820,Unknown
594160,Unknown
1313360,Unknown
1202550,Unknown
622670,Unknown
1994940,Unknown
1794740,Unknown
348530,Unknown
1920010,Unknown
1813140,Unknown
2394880,Unknown
444210,Unknown
2330850,Unknown
1736120,Unknown
305900,Unknown
450040,Unknown
2155680,Unknown
1267930,Unknown
380570,Unknown
358310,Unknown
343140,Unknown
316320,Unknown
650070,Unknown
641980,Unknown
1343520,Unknown
546150,Unknown
545180,Unknown
1772910,Unknown
1547860,Unknown
1317020,Unknown
1673630,Unknown
1846510,Unknown
2511940,Unknown
960610,Unknown
1184260,Unknown
2234920,Unknown
356030,Unknown
1208370,Unknown
1481210,Unknown
1480540,Unknown
1464610,Unknown
1301590,Unknown
1305350,Unknown
1561980,Unknown
1593280,Unknown
1421020,Unknown
951740,Unknown
1493060,Unknown
1519470,Unknown
1461030,Unknown
1132970,Unknown
1010270,Unknown
1333800,Unknown
1546930,Unknown
1105620,Unknown
2081470,Unknown
2023610,Unknown
1148570,Unknown
565380,Unknown
1584420,Unknown
523030,Unknown
1351950,Unknown
369230,Unknown
813450,Unknown
1027130,Unknown
761700,Unknown
665120,Unknown
1791880,Unknown
1715040,Unknown
2205150,Unknown
1134530,Unknown
1372390,Unknown
809840,Unknown
800310,Unknown
534230,Unknown
698740,Unknown
868920,Unknown
918990,Unknown
948960,Unknown
965030,Unknown
367240,Unknown
1302160,Unknown
833770,Unknown
1925330,Unknown
803850,Unknown
2439730,Unknown
1231190,Unknown
449700,Unknown
1899990,Unknown
284910,Unknown
1498630,Unknown
1442190,Unknown
752690,Unknown
2108870,Unknown
1228840,Unknown
1298700,Unknown
1333540,Unknown
1525640,Unknown
1617600,Unknown
1308920,Unknown
1344870,Unknown
937160,Unknown
1282040,Unknown
1917020,Unknown
1215600,Unknown
680940,Unknown
1180520,Unknown
1655090,Unknown
1725330,Unknown
1394600,Unknown
1237090,Unknown
1613230,Unknown
1851530,Unknown
1897430,Unknown
2560220,Unknown
1691010,Unknown
1591630,Unknown
689620,Unknown
1300110,Unknown
1576620,Unknown
1846980,Unknown
1366010,Unknown
2163040,Unknown
1363790,Unknown
922220,Unknown
1142510,Unknown
1610130,Unknown
1252160,Unknown
1004210,Unknown
2267650,Unknown
2020180,Unknown
1806830,Unknown
1982630,Unknown
2052780,Unknown
1293660,Unknown
845290,Unknown
1916610,Unknown
1998980,Unknown
1669500,Unknown
643610,Unknown
2264310,Unknown
1125890,Unknown
1681510,Unknown
890220,Unknown
1625230,Unknown
2119590,Unknown
2320910,Unknown
2431100,Unknown
698260,Unknown
676840,Unknown
1270820,Unknown
1605590,Unknown
2182540,Unknown
2178340,Unknown
1848380,Unknown
2257170,Unknown
590790,Unknown
697250,Unknown
2427960,Unknown
1297320,Unknown
1243520,Unknown
1428370,Unknown
950210,Unknown
1520850,Unknown
671640,Unknown
2026370,Unknown
1898610,Unknown
1846630,Unknown
1745790,Unknown
867960,Unknown
1129250,Unknown
1203370,Unknown
1106940,Unknown
1400980,Unknown
2085270,Unknown
854550,Unknown
626250,Unknown
463920,Unknown
1938330,Unknown
753900,Unknown
800200,Unknown
2211260,Unknown
1714350,Unknown
2477350,Unknown
516820,Unknown
858360,Unknown
1331470,Unknown
2384010,Unknown
1204380,Unknown
1393570,Unknown
1059040,Unknown
1312250,Unknown
516250,Unknown
1678360,Unknown
811950,Unknown
1236880,Unknown
1080130,Unknown
1169510,Unknown
2266020,Unknown
2019670,Unknown
918320,Unknown
281260,Unknown
864150,Unknown
1678750,Unknown
2189580,Unknown
817150,Unknown
855100,Unknown
1304870,Unknown
1693150,Unknown
1546900,Unknown
1347960,Unknown
1996800,Unknown
2131980,Unknown
1764950,Unknown
1246460,Unknown
2115190,Unknown
1676710,Unknown
1290070,Unknown
733230,Unknown
1691300,Unknown
2006830,Unknown
2328270,Unknown
1270500,Unknown
1510590,Unknown
1538170,Unknown
1500580,Unknown
1258920,Unknown
1779970,Unknown
1893490,Unknown
1879170,Unknown
843650,Unknown
1309500,Unknown
833380,Unknown
970970,Unknown
704430,Unknown
1600980,Unknown
828160,Unknown
1295030,Unknown
1702100,Unknown
778460,Unknown
1470480,Unknown
1643700,Unknown
2171060,Unknown
1739500,Unknown
1350010,Unknown
1673360,Unknown
1194100,Unknown
949210,Unknown
2225890,Unknown
1924740,Unknown
269530,Unknown
2225060,Unknown
1813100,Unknown
1358030,Unknown
1314090,Unknown
934990,Unknown
2052170,Unknown
460650,Unknown
1883600,Unknown
1675640,Unknown
1002270,Unknown
2572330,Unknown
2237510,Unknown
1197730,Unknown
2510010,Unknown
2113030,Unknown
1343580,Unknown
2059760,Unknown
2239020,Unknown
2252870,Unknown
1428880,Unknown
2621400,Unknown
2242090,Unknown
1999630,Unknown
684130,Unknown
2507780,Unknown
1885510,Unknown
614700,Unknown
2537120,Unknown
2246740,Unknown
2293880,Unknown
745090,Unknown
826000,Unknown
2246350,Unknown
2477140,Unknown
2188960,Unknown
2014930,Unknown
1865510,Unknown
286880,Unknown
494960,Unknown
2206270,Unknown
1428420,Unknown
2310300,Unknown
1907000,Unknown
463860,Unknown
2350020,Unknown
337290,Unknown
2495700,Unknown
1423680,Unknown
2543740,Unknown
1368630,Unknown
1693090,Unknown
1461140,Unknown
839680,Unknown
1884850,Unknown
1187790,Unknown
1191590,Unknown
1711120,Unknown
1054990,Unknown
1623440,Unknown
2395370,Unknown
616640,Unknown
1185470,Unknown
1563730,Unknown
809530,Unknown
876320,Unknown
1026880,Unknown
1496640,Unknown
1520170,Unknown
1186160,Unknown
529970,Unknown
1351290,Unknown
1389020,Unknown
1070780,Unknown
864730,Unknown
1133580,Unknown
1578960,Unknown
724490,Unknown
793280,Unknown
1556480,Unknown
1548430,Unknown
993250,Unknown
1940880,Unknown
953610,Unknown
1559660,Unknown
1279910,Unknown
690580,Unknown
1386980,Unknown
1412680,Unknown
1368810,Unknown
753920,Unknown
2436390,Unknown
1980570,Unknown
1756790,Unknown
1210660,Unknown
602480,Unknown
694480,Unknown
1319320,Unknown
2290310,Unknown
731890,Unknown
1346120,Unknown
597770,Unknown
2485900,Unknown
1881480,Unknown
2143740,Unknown
1341310,Unknown
1542970,Unknown
1834290,Unknown
2150740,Unknown
2227710,Unknown
1706970,Unknown
1262760,Unknown
1682950,Unknown
1370300,Unknown
1164920,Unknown
1502410,Unknown
1587940,Unknown
1429160,Unknown
852570,Unknown
1130440,Unknown
1243310,Unknown
1294920,Unknown
2182700,Unknown
2158050,Unknown
1597280,Unknown
920460,Unknown
1015660,Unknown
1446840,Unknown
1490500,Unknown
2226310,Unknown
1175070,Unknown
1269230,Unknown
931840,Unknown
1712030,Unknown
1933230,Unknown
1984150,Unknown
2003690,Unknown
881180,Unknown
765570,Unknown
1418440,Unknown
1453350,Unknown
1456410,Unknown
1730050,Unknown
1749170,Unknown
1206920,Unknown
1406750,Unknown
1547480,Unknown
696540,Unknown
1419680,Unknown
1499750,Unknown
820480,Unknown
1016330,Unknown
1394790,Unknown
1278430,Unknown
1662260,Unknown
1848570,Unknown
2456550,Unknown
1877820,Unknown
2175120,Unknown
1500320,Unknown
2401340,Unknown
1741650,Unknown
1633770,Unknown
1484740,Unknown
847390,Unknown
1329560,Unknown
1669430,Unknown
1561020,Unknown
1305250,Unknown
2134280,Unknown
1435420,Unknown
1624600,Unknown
1055240,Unknown
874330,Unknown
925690,Unknown
912250,Unknown
581730,Unknown
843730,Unknown
1060160,Unknown
1176170,Unknown
2023800,Unknown
2322510,Unknown
1595600,Unknown
2196140,Unknown
562700,Unknown
1213680,Unknown
1175500,Unknown
887520,Unknown
1423280,Unknown
1345380,Unknown
1172340,Unknown
1500260,Unknown
2217030,Unknown
955890,Unknown
1720860,Unknown
1455780,Unknown
1964490,Unknown
1910630,Unknown
2486730,Unknown
1848080,Unknown
2220750,Unknown
2327980,Unknown
2065560,Unknown
2179900,Unknown
1595250,Unknown
1359870,Unknown
1998100,Unknown
1873990,Unknown
840090,Unknown
615550,Unknown
570690,Unknown
684400,Unknown
1852650,Unknown
619330,Unknown
644890,Unknown
1997590,Unknown
1898420,Unknown
534440,Unknown
2416710,Unknown
2367970,Unknown
2340360,Unknown
2269730,Unknown
617590,Unknown
642170,Unknown
1844650,Unknown
1914750,Unknown
1900020,Unknown
616820,Unknown
1896010,Unknown
2318810,Unknown
346060,Unknown
756600,Unknown
1860350,Unknown
2168450,Unknown
704360,Unknown
822760,Unknown
2153330,Unknown
1786350,Unknown
2203850,Unknown
1583370,Unknown
2278820,Unknown
1068350,Unknown
1404630,Unknown
1823830,Unknown
1607370,Unknown
588800,Unknown
1265720,Unknown
2432190,Unknown
1547150,Unknown
1266120,Unknown
2301330,Unknown
1216350,Unknown
983050,Unknown
1342810,Unknown
1492250,Unknown
935490,Unknown
1260020,Unknown
684620,Unknown
1197620,Unknown
570950,Unknown
1315270,Unknown
1597040,Unknown
1924150,Unknown
1034160,Unknown
1131400,Unknown
814400,Unknown
1364340,Unknown
1292700,Unknown
1598920,Unknown
1619790,Unknown
640800,Unknown
1389270,Unknown
1673320,Unknown
1534340,Unknown
1704080,Unknown
1201550,Unknown
1822450,Unknown
1392140,Unknown
1972160,Unknown
2150530,Unknown
1263720,Unknown
1395420,Unknown
549030,Unknown
505110,Unknown
2179270,Unknown
2186490,Unknown
1358020,Unknown
1033000,Unknown
836580,Unknown
555600,Unknown
640760,Unknown
1555590,Unknown
727040,Unknown
561360,Unknown
1594340,Unknown
958050,Unknown
681060,Unknown
805610,Unknown
719180,Unknown
534000,Unknown
690420,Unknown
696500,Unknown
974670,Unknown
2266190,Unknown
1096630,Unknown
1050810,Unknown
915440,Unknown
881170,Unknown
1033210,Unknown
543440,Unknown
516590,Unknown
1838250,Unknown
2153550,Unknown
1444580,Unknown
1596360,Unknown
1439340,Unknown
1576910,Unknown
1954100,Unknown
1893150,Unknown
709140,Unknown
841140,Unknown
754400,Unknown
1008870,Unknown
1343550,Unknown
883560,Unknown
1245500,Unknown
527520,Unknown
2550440,Unknown
2530030,Unknown
1306160,Unknown
1448950,Unknown
2140170,Unknown
1125490,Unknown
577150,Unknown
1274150,Unknown
1759700,Unknown
758660,Unknown
1538910,Unknown
2223010,Unknown
1273380,Unknown
1350810,Unknown
1895080,Unknown
801010,Unknown
1145580,Unknown
792680,Unknown
681160,Unknown
2408110,Unknown
1490620,Unknown
1203430,Unknown
1247950,Unknown
1175100,Unknown
1808250,Unknown
884340,Unknown
1681580,Unknown
1530370,Unknown
1665490,Unknown
1603930,Unknown
818590,Unknown
1688390,Unknown
1893300,Unknown
1588600,Unknown
1391580,Unknown
1625900,Unknown
2113010,Unknown
1697540,Unknown
542620,Unknown
1298690,Unknown
1512950,Unknown
1700920,Unknown
1850860,Unknown
924960,Unknown
1274160,Unknown
1488000,Unknown
1605340,Unknown
1680770,Unknown
1693010,Unknown
1784840,Unknown
1788650,Unknown
1808230,Unknown
346490,Unknown
1499720,Unknown
1672610,Unknown
1826070,Unknown
933030,Unknown
1595260,Unknown
676990,Unknown
717840,Unknown
1298360,Unknown
1599590,Unknown
1185480,Unknown
2163480,Unknown
1227010,Unknown
738600,Unknown
378280,Unknown
1176640,Unknown
1368840,Unknown
978180,Unknown
1067280,Unknown
1561470,Unknown
801490,Unknown
2084100,Unknown
1506640,Unknown
2471960,Unknown
1223210,Unknown
464610,Unknown
1559670,Unknown
1983480,Unknown
1045110,Unknown
2002320,Unknown
2304510,Unknown
816870,Unknown
1428150,Unknown
2365120,Unknown
2293730,Unknown
1580440,Unknown
2314950,Unknown
2114440,Unknown
2567680,Unknown
959850,Unknown
1469000,Unknown
2186670,Unknown
1277900,Unknown
1200710,Unknown
1848470,Unknown
1003230,Unknown
1166540,Unknown
1112100,Unknown
611230,Unknown
1735860,Unknown
2223900,Unknown
1870280,Unknown
1157120,Unknown
843700,Unknown
1912700,Unknown
1165910,Unknown
1228910,Unknown
2292630,Unknown
1934740,Unknown
553800,Unknown
1416930,Unknown
1432610,Unknown
1388400,Unknown
1580260,Unknown
2272880,Unknown
684840,Unknown
976930,Unknown
1409640,Unknown
2254550,Unknown
1152940,Unknown
2108410,Unknown
2342400,Unknown
2304570,Unknown
2290360,Unknown
850960,Unknown
2564850,Unknown
2122010,Unknown
2218690,Unknown
2385900,Unknown
2222190,Unknown
509070,Unknown
2536420,Unknown
1871770,Unknown
1218580,Unknown
2139350,Unknown
1560200,Unknown
1956430,Unknown
2097490,Unknown
2589440,Unknown
2520870,Unknown
585500,Unknown
1308360,Unknown
2588110,Unknown
415000,Unknown
655000,Unknown
1837690,Unknown
1829370,Unknown
2363930,Unknown
2205190,Unknown
2142450,Unknown
1483100,Unknown
1840610,Unknown
1768920,Unknown
2347380,Unknown
1421290,Unknown
2109640,Unknown
2089330,Unknown
2464690,Unknown
1217750,Unknown
2515060,Unknown
1686790,Unknown
981670,Unknown
2432770,Unknown
1232670,Unknown
1810510,Unknown
1658400,Unknown
995170,Unknown
2375160,Unknown
551610,Unknown
2154290,Unknown
1227000,Unknown
1507620,Unknown
1343150,Unknown
1577470,Unknown
940870,Unknown
1443900,Unknown
1740140,Unknown
1873920,Unknown
686090,Unknown
1069480,Unknown
1359160,Unknown
526130,Unknown
1065570,Unknown
916100,Unknown
739720,Unknown
1185680,Unknown
972770,Unknown
1077600,Unknown
1549850,Unknown
1203560,Unknown
1217570,Unknown
1033410,Unknown
594220,Unknown
954280,Unknown
1929650,Unknown
1595770,Unknown
1035600,Unknown
1234600,Unknown
607760,Unknown
912650,Unknown
26300,Unknown
2079380,Unknown
975660,Unknown
1385840,Unknown
1599510,Unknown
778030,Unknown
1654200,Unknown
969970,Unknown
1422730,Unknown
1869710,Unknown
749410,Unknown
437550,Unknown
1898430,Unknown
2534220,Unknown
2206410,Unknown
2292720,Unknown
432390,Unknown
2219280,Unknown
1028250,Unknown
992990,Unknown
860500,Unknown
2339500,Unknown
530160,Unknown
853240,Unknown
958300,Unknown
1264850,Unknown
2583280,Unknown
1884680,Unknown
1964690,Unknown
368040,Unknown
1580510,Unknown
831790,Unknown
825500,Unknown
1256920,Unknown
2210300,Unknown
1640670,Unknown
1291250,Unknown
2218950,Unknown
870160,Unknown
307150,Unknown
454730,Unknown
2255380,Unknown
2005070,Unknown
1407620,Unknown
562450,Unknown
1339870,Unknown
1839320,Unknown
2546620,Unknown
1416820,Unknown
1050720,Unknown
511600,Unknown
548350,Unknown
448880,Unknown
1355410,Unknown
2267320,Unknown
1249890,Unknown
2223620,Unknown
2011030,Unknown
2092680,Unknown
1842430,Unknown
2327510,Unknown
1246170,Unknown
520840,Unknown
1113930,Unknown
517620,Unknown
518690,Unknown
1966240,Unknown
2001190,Unknown
1993160,Unknown
1837510,Unknown
874630,Unknown
1375300,Unknown
1510310,Unknown
1528230,Unknown
1713030,Unknown
1554020,Unknown
2395080,Unknown
524350,Unknown
575100,Unknown
1118950,Unknown
1133540,Unknown
931440,Unknown
1287980,Unknown
1238980,Unknown
1371120,Unknown
1501830,Unknown
1641370,Unknown
1719450,Unknown
1799660,Unknown
1929820,Unknown
2158800,Unknown
2226830,Unknown
1011310,Unknown
1132540,Unknown
1512540,Unknown
1531290,Unknown
1335630,Unknown
1834170,Unknown
676310,Unknown
772220,Unknown
835720,Unknown
815110,Unknown
1288370,Unknown
1620700,Unknown
1736590,Unknown
1968270,Unknown
2396640,Unknown
686640,Unknown
951010,Unknown
1132750,Unknown
697020,Unknown
821100,Unknown
1168980,Unknown
1730340,Unknown
882840,Unknown
1175540,Unknown
1819340,Unknown
1275250,Unknown
822510,Unknown
1740250,Unknown
2078580,Unknown
1203960,Unknown
1140110,Unknown
1351980,Unknown
861290,Unknown
1216600,Unknown
546210,Unknown
1011260,Unknown
1238320,Unknown
821330,Unknown
2204960,Unknown
936510,Unknown
1243370,Unknown
1626060,Unknown
1849530,Unknown
650740,Unknown
1672280,Unknown
1713620,Unknown
1186350,Unknown
1557360,Unknown
908150,Unknown
571860,Unknown
691720,Unknown
1152000,Unknown
1057730,Unknown
1420400,Unknown
1068340,Unknown
1611900,Unknown
658120,Unknown
542270,Unknown
1345770,Unknown
1353040,Unknown
1447210,Unknown
1015180,Unknown
2217450,Unknown
1935630,Unknown
477120,Unknown
2101880,Unknown
1428160,Unknown
2164220,Unknown
1910300,Unknown
808990,Unknown
1581280,Unknown
1344430,Unknown
2578950,Unknown
1871900,Unknown
1504360,Unknown
2546630,Unknown
1316000,Unknown
963900,Unknown
2313990,Unknown
598690,Unknown
2469880,Unknown
1103690,Unknown
1398990,Unknown
1804440,Unknown
2236820,Unknown
1576550,Unknown
1838560,Unknown
1175930,Unknown
2083830,Unknown
1289470,Unknown
883670,Unknown
1364510,Unknown
1557230,Unknown
1922540,Unknown
2158390,Unknown
1042130,Unknown
1660420,Unknown
528970,Unknown
1735110,Unknown
843520,Unknown
1723050,Unknown
1375260,Unknown
1774130,Unknown
1610990,Unknown
1809040,Unknown
767110,Unknown
1826760,Unknown
513270,Unknown
1550950,Unknown
1794860,Unknown
1374630,Unknown
1198440,Unknown
1532080,Unknown
1613100,Unknown
1889330,Unknown
1275860,Unknown
2213880,Unknown
1730060,Unknown
1644200,Unknown
1307240,Unknown
2374560,Unknown
2644300,Unknown
2322550,Unknown
2371880,Unknown
2386790,Unknown
2472690,Unknown
2578650,Unknown
2636280,Unknown
547250,Unknown
1446950,Unknown
2050980,Unknown
2379520,Unknown
1525910,Unknown
2550860,Unknown
2593650,Unknown
2665170,Unknown
2250410,Unknown
2489370,Unknown
2614210,Unknown
2646760,Unknown
595030,Unknown
2166990,Unknown
693330,Unknown
1956860,Unknown
2233700,Unknown
2630590,Unknown
1481700,Unknown
1918270,Unknown
1307180,Unknown
1361570,Unknown
2451010,Unknown
646430,Unknown
2560260,Unknown
776140,Unknown
2284370,Unknown
2531340,Unknown
523610,Unknown
2563160,Unknown
2181000,Unknown
2556810,Unknown
1052230,Unknown
1987500,Unknown
1419060,Unknown
2193090,Unknown
2361450,Unknown
2492600,Unknown
1877800,Unknown
2424680,Unknown
2164030,Unknown
1302230,Unknown
793670,Unknown
2296850,Unknown
1921470,Unknown
711930,Unknown
2423470,Unknown
2358100,Unknown
2491770,Unknown
2328980,Unknown
2444840,Unknown
660990,Unknown
1818610,Unknown
746040,Unknown
710760,Unknown
654350,Unknown
2599860,Unknown
589220,Unknown
2279390,Unknown
2204830,Unknown
1893370,Unknown
1922060,Unknown
461410,Unknown
844390,Unknown
1585530,Unknown
709840,Unknown
436000,Unknown
2149420,Unknown
1341490,Unknown
1567000,Unknown
726250,Unknown
2425410,Unknown
611120,Unknown
1730650,Unknown
871100,Unknown
527700,Unknown
2519400,Unknown
2626740,Unknown
2309690,Unknown
1489140,Unknown
2558630,Unknown
2586670,Unknown
2108840,Unknown
2057840,Unknown
1086490,Unknown
1586240,Unknown
2190960,Unknown
2147360,Unknown
2591270,Unknown
1305640,Unknown
1777600,Unknown
1213150,Unknown
999340,Unknown
1632030,Unknown
2616900,Unknown
1870490,Unknown
1265460,Unknown
1953370,Unknown
1709630,Unknown
1116100,Unknown
1557190,Unknown
1705020,Unknown
2354120,Unknown
1941400,Unknown
1117120,Unknown
1332220,Unknown
1625340,Unknown
1998590,Unknown
1869890,Unknown
1197160,Unknown
996000,Unknown
1193430,Unknown
1261020,Unknown
1975570,Unknown
647640,Unknown
1694670,Unknown
1684010,Unknown
2204850,Unknown
971460,Unknown
1083800,Unknown
598430,Unknown
990030,Unknown
1032170,Unknown
1389610,Unknown
1094660,Unknown
1859770,Unknown
645230,Unknown
1155580,Unknown
773740,Unknown
1081650,Unknown
770490,Unknown
1000830,Unknown
1572440,Unknown
1385780,Unknown
552880,Unknown
1016860,Unknown
1455120,Unknown
574180,Unknown
1336560,Unknown
1245430,Unknown
851770,Unknown
1855610,Unknown
2050920,Unknown
2130440,Unknown
1122710,Unknown
1653980,Unknown
969200,Unknown
1576790,Unknown
674910,Unknown
890640,Unknown
1311990,Unknown
920640,Unknown
1581750,Unknown
450630,Unknown
1519190,Unknown
1323610,Unknown
578390,Unknown
2190900,Unknown
854400,Unknown
1898640,Unknown
1093360,Unknown
1270380,Unknown
926010,Unknown
1049130,Unknown
1503590,Unknown
598350,Unknown
577290,Unknown
1071510,Unknown
1390670,Unknown
2301130,Unknown
1932960,Unknown
2573620,Unknown
908830,Unknown
989780,Unknown
580930,Unknown
662870,Unknown
622320,Unknown
318300,Unknown
1046240,Unknown
2470700,Unknown
783310,Unknown
1040940,Unknown
1093670,Unknown
872470,Unknown
527720,Unknown
814550,Unknown
1103650,Unknown
2619300,Unknown
2216510,Unknown
2619950,Unknown
1857910,Unknown
2588540,Unknown
1706440,Unknown
2600620,Unknown
2296320,Unknown
877680,Unknown
2248810,Unknown
998020,Unknown
1383160,Unknown
744600,Unknown
1831370,Unknown
1693710,Unknown
1852990,Unknown
2125400,Unknown
574520,Unknown
376990,Unknown
1026060,Unknown
919400,Unknown
1022770,Unknown
1280500,Unknown
1307530,Unknown
1069380,Unknown
2271130,Unknown
2532180,Unknown
2590670,Unknown
815860,Unknown
850780,Unknown
534480,Unknown
894920,Unknown
1794020,Unknown
2076850,Unknown
1342480,Unknown
1267860,Unknown
1509000,Unknown
1012210,Unknown
1524990,Unknown
1031320,Unknown
1164990,Unknown
1952890,Unknown
2410260,Unknown
2217560,Unknown
1914270,Unknown
2480710,Unknown
2211440,Unknown
2229950,Unknown
2350290,Unknown
1741220,Unknown
2083330,Unknown
878810,Unknown
1345180,Unknown
2371260,Unknown
1936250,Unknown
872220,Unknown
873120,Unknown
1797450,Unknown
1979300,Unknown
1998110,Unknown
1515600,Unknown
1702370,Unknown
1372350,Unknown
667620,Unknown
2116280,Unknown
1542610,Unknown
1024220,Unknown
1367860,Unknown
1185870,Unknown
2105680,Unknown
1602420,Unknown
1181390,Unknown
869550,Unknown
1044760,Unknown
963720,Unknown
1050560,Unknown
611550,Unknown
757780,Unknown
1702350,Unknown
1779940,Unknown
1606610,Unknown
1255680,Unknown
1175900,Unknown
886420,Unknown
1317850,Unknown
1823400,Unknown
2062420,Unknown
473550,Unknown
2082420,Unknown
2153290,Unknown
1342360,Unknown
2104960,Unknown
777040,Unknown
2401920,Unknown
1700450,Unknown
2142430,Unknown
242610,Unknown
1906520,Unknown
1126850,Unknown
1060400,Unknown
2169060,Unknown
2463080,Unknown
2132870,Unknown
1161220,Unknown
844290,Unknown
618500,Unknown
1200150,Unknown
2362140,Unknown
1686070,Unknown
2122590,Unknown
2214050,Unknown
2084260,Unknown
2156630,Unknown
2378640,Unknown
1926420,Unknown
1315220,Unknown
2228320,Unknown
1890610,Unknown
2366040,Unknown
1192730,Unknown
1564630,Unknown
994320,Unknown
949720,Unknown
416090,Unknown
816570,Unknown
855480,Unknown
1287880,Unknown
1378320,Unknown
1476830,Unknown
1804990,Unknown
1288020,Unknown
1821910,Unknown
1829000,Unknown
1856080,Unknown
1915900,Unknown
1959400,Unknown
2026790,Unknown
2268220,Unknown
2269770,Unknown
754000,Unknown
841970,Unknown
1029540,Unknown
908030,Unknown
1098570,Unknown
1045150,Unknown
925330,Unknown
1205020,Unknown
1280910,Unknown
1364180,Unknown
1475470,Unknown
1759430,Unknown
1895270,Unknown
1961210,Unknown
1917870,Unknown
2279430,Unknown
856390,Unknown
930970,Unknown
995340,Unknown
1024730,Unknown
1049380,Unknown
1183660,Unknown
1403570,Unknown
1866970,Unknown
2212490,Unknown
1193200,Unknown
1722440,Unknown
1756900,Unknown
747730,Unknown
833940,Unknown
963150,Unknown
1024860,Unknown
1114700,Unknown
1126950,Unknown
1398010,Unknown
1981740,Unknown
463430,Unknown
970760,Unknown
664890,Unknown
1927610,Unknown
951030,Unknown
740340,Unknown
697600,Unknown
1101840,Unknown
974160,Unknown
1438270,Unknown
1608220,Unknown
1613090,Unknown
617750,Unknown
1053740,Unknown
1322330,Unknown
696510,Unknown
877980,Unknown
1307460,Unknown
513050,Unknown
802080,Unknown
821800,Unknown
1255910,Unknown
1041130,Unknown
793620,Unknown
1106710,Unknown
694870,Unknown
437350,Unknown
1075950,Unknown
1168940,Unknown
1707030,Unknown
1201350,Unknown
1087100,Unknown
1512450,Unknown
1178480,Unknown
844440,Unknown
695490,Unknown
1299890,Unknown
828320,Unknown
2351510,Unknown
983840,Unknown
985040,Unknown
769390,Unknown
827410,Unknown
879270,Unknown
1590680,Unknown
2428940,Unknown
1414060,Unknown
1950270,Unknown
1749410,Unknown
1919240,Unknown
1175040,Unknown
1091110,Unknown
2213930,Unknown
611690,Unknown
2473130,Unknown
1431620,Unknown
497040,Unknown
1276140,Unknown
1710500,Unknown
367040,Unknown
710740,Unknown
1178060,Unknown
1676590,Unknown
1325080,Unknown
1653260,Unknown
2067300,Unknown
776970,Unknown
1268710,Unknown
2457010,Unknown
2479440,Unknown
1896420,Unknown
1847820,Unknown
570850,Unknown
1469460,Unknown
1690340,Unknown
1294020,Unknown
882200,Unknown
1655550,Unknown
376130,Unknown
1237570,Unknown
1993730,Unknown
2417270,Unknown
2521450,Unknown
1415470,Unknown
2079370,Unknown
1002540,Unknown
535160,Unknown
2126580,Unknown
681000,Unknown
2069010,Unknown
2202270,Unknown
2263960,Unknown
1463140,Unknown
1073640,Unknown
1411460,Unknown
779620,Unknown
1102680,Unknown
1335440,Unknown
1894940,Unknown
740330,Unknown
1692900,Unknown
2083730,Unknown
858740,Unknown
1460700,Unknown
1121490,Unknown
785670,Unknown
891100,Unknown
520660,Unknown
796480,Unknown
2138270,Unknown
2087360,Unknown
2556040,Unknown
1280290,Unknown
2079600,Unknown
1711910,Unknown
1009900,Unknown
1116090,Unknown
1149860,Unknown
1475780,Unknown
966070,Unknown
1887150,Unknown
2304250,Unknown
1650430,Unknown
1963590,Unknown
2210750,Unknown
1969720,Unknown
1666170,Unknown
1915450,Unknown
2302180,Unknown
1859310,Unknown
2111770,Unknown
2609240,Unknown
1940180,Unknown
2398010,Unknown
2409710,Unknown
1522970,Unknown
2168880,Unknown
1760020,Unknown
