puuid,gameName,tagLine,leaderboardRank,rankedRating,numberOfWins,competitiveTier
m7hjBU37cSZ80DWchtCr4m0q2PtQXgRo6q-TsfuxmGsVbhMfjxG3PjmqonbIa41D_rykOwwN0f0CJg,D0V3S,MOCHA,1,1081,72,27
euGzZypIEc2jKgczi6_GJX4EOae8rybGce1ZMgKFjrWYz4yNjAh8g_IiJ7SXv4B0ORf0gdzh9ceThA,TSM Subroza,4678,2,1031,106,27
lxofyhs_Wq_amA1G58GN0jYV-H_GcF5CKljY8ck0MPdk7zCmGslH-ERpsd-AhnyqKFv74SH-G8o9Vw,twitch furbsa,cam,3,1001,64,27
6vonGlB4n_xOdLgB24kbkcTMDokX0ljuVCM4YP7IKWygb26bDJHfCYZoA0wRJp12QGxWHZ8wHPkmRw,s0m,katie,4,983,71,27
eS608yQIavsesFYf5bVTujY8LDbAQ0-iqTSRHjJ3yrCFmuiS9rTWYZyARbh6hulvYpCut9dkTgNPRg,heat,MVP,5,951,50,27
0WXqlzwIn393XcQg63sBzuCGZuwz-zFULfalFkRRdmJ0_AuC0t_vdCBHW05tqnVRUhx-GT3FWiTmlA,cactus,3266,6,941,95,27
_e6JErCmjZgxzsfLp3K4OFga-kq5wT6Kf96gEo9l2-DjptkLlxrP2WlVV2tYNbpLJMkA9tF8qDBBbA,BabyJ,Halo,7,930,48,27
0kewLHanP0L9Iztk2GoL89vLCmYRBb-glMW6gfy9HBnUVa8RWqUzOimvl-QKPac22v6_0OjEEKDBRQ,wedid,0702,8,930,61,27
8g-762GLNSfpZOUtezPh5uH_7WqLrXb1A4Isb5tLrXaSunZ12DunijKWErLG232_zfX00bguS0FORg,babybaby,bay,9,888,68,27
Mff1zLXLitj-joDf2PaHgSthtZ90A5l3TGRu5Bl2OVEyYrK7X09rG6dXp4EwKe05Qlj_gOo19k81zw,EXL Jowzera,025,10,885,50,27
q487mXxmx1nckyGUFXVqY7F3XujHzo8ZVHeONzIXgywpDNadJcHO_Vzs1Flosr5ZbzBsQpdYe_gqLw,FS Darker,LIN,11,885,58,27
YmWGrBs2GNV3yvcExC6fXfh-bW2JnuErLmWzJrsrmUwhl2vovQsHILVJxd_mV94CyOOqGTCsRVld6g,LFT P0PPIN,4529,12,877,67,27
p8CwEmgZY70NdWopp-GqvMJJAcu3qsZKes9aXrVJNyNDjKr0eU5BffAjsN9m7zDuWPJt4xA-CdkhLA,Eggsterr,NJLTC,13,870,68,27
5oDTUQxkhUTpQzMV6Ybv9qnNrsriCFdA7Z127zV6TpvYTA2bUR4CAvt_eQi_QT7rdp03GMofQPh-ZA,solace,1113,14,867,68,27
CO1VCKz0IkVPwI-wUGy6xxPpWU_KProF_TnwjCE8gu6_aCLq4IWqyd0wa3MIBJb_BxzjSccO7wIJNA,Zinx,TTV,15,839,76,27
16,837,61,27
zn0-8Oa9Exretu08KFHCvK-rl-zuLAdFX-rqT_CwfL2aKMYaLtEBHkBK5iB5X9N3aFnE2QWoinzK4w,khs,AIATT,17,831,49,27
yOWf1JIPLQPCi-O6CBUfOoi6Ht5ZJ26DDmAbg9oAptECoH791jpv6THwsmBrUHOjL9uhzqhw-OY-qA,Lear,auds,18,830,41,27
HqARDD05_Rs2ptxBABgcs7rvDDdZ1I1PUsFJnRJoHTvuXeF9Y68l-NPYKJnvNg-0ao1LCaoLzmbBlg,Dani,DDDDD,19,823,44,27
FKn7-O-VHmute8x-QRQUkknlcMRypwCVV5wYD0nUyYt9lviHQdagZWnVmjxkfrsl0UY_v7qb4g97eA,dominic,043,20,808,49,27
SuXS582UEbQAiWiYcSpVEjI29_QsZJo7jbcn48P9HVISxB3CRV3naIW78fqtFLb3G2okJJIKMPYtkA,traded,erica,21,807,55,27
EqPpn4mHm-tUTnJ21ld9yDMhUYZVdfsrDlhA71CNkMJvV4Kt8zQBssDgIFHE56kwtDxv9nl5qJATZQ,SEN tarik,1337,22,807,47,27
bEAbIBNO8gcD6e4D-p2KHHWb6fnpV1WzSLd5EGYVmJAMeKGCkzzBvTwBga3l-2EliDm9AXj1PPQqEw,Shiro,LMove,23,806,39,27
Iwiu6ut5Lq7I8O8pMBKsPNn4UYNRNJnxcU9ArUeQywI70cDnO8-TYTKW_uaAOo4cDNJVqu28RxIe4g,acrian,420,24,806,91,27
_-TTGIbGs3fcRriyLKjjVEniPqyE5izuifjKetZhJAkSkbfhrk2rKXRqlkE4bSUNmW2XJpOIvGrjLQ,OR Paincakes,1738,25,805,59,27
c-TMrn0zmL7pzX3bMa_VnNneQOdifjFYWr5LvDq2AhgLj2HOqT8CiEE_IkAQIgm5dNWueGXcx6WxDw,ZexRow,NA2,26,800,67,27
VDKjkhM-AFk3yWcI54ifZxMDX17PiDu6JYKXF8_KaUvEhFBfWIhrAl9QaqFiKvb4R7HXdGg3gNcgKQ,Kanpeki,1111,27,800,69,27
Bw_ewa-y7ensi4LzQHcU8c4bZsmXhAJDtvVOB2y28tOpQ1p-_ZA9ZSoLtMJu_d-FXiGWZihk6van-Q,jeffie,city,28,798,41,27
WZFwlUs4r50BOh9BmXOHzA0FDplN9JVtfq0QF6b1f_yezji_3Akj9DYPy9kUMOz1R6hAS2vGQiavJQ,Osu,FPS,29,798,48,27
P3_BCN9lbg57A6nRwSsNB9JBPBi5sKdO-4KoGfw-IENrFEcP-labAKsDc_0Lkelsc8DyldTckXSITQ,Fractured,FBS,30,790,39,27
4lez_74lT9KriI9vr6H4nf4rYIAt685zMuwccmFGI53rqoiZ1DR4Vbhbazy9kD1Kb4PKwGbBlnB7Dw,SEN Sacy,moba,31,778,33,27
20hvlwSDXimnkf7AQSPhUVjjeqIJVBRSJymO2Z-j84oyKVoa6SWOtPHH_fPqcwgk9ewTos21-Tyz0g,moose,lexi,32,773,57,27
33,771,44,27
3hnAaE9Nd5RESoCqtpkD_LNt4aUTO_NzmiN6sCy824fZm6W8Zk14YAbzfi7ZMQCLKtv1I9UTTEE7gw,SCC STEVEN,MODE,34,769,36,27
_Rc0x11_gB7wKlliY9IkuOQ9M5zfJFEXutopdGVaMw02eBTNsObhPnU6cFdTUYcTNiqJmsS6jBSVGA,yoon,zzzzz,35,768,49,27
38mvF4fq52GKYlSoQJ_dOdSSCgp5B27I8xyJWhXClp7ldUcKMO4Gm7JoBI9T_4k1WlUDgwhcJGhUVw,EG JAWGEMO,MOR,36,765,59,27
o9q0cgk162yRcek4dov6cc0JnzVCUUD8b7INNdMW-Vj_xe4jX8p7yhinLIkRKHyKBvF9VPljFKph2A,infiltrator,000,37,761,45,27
6i8bnHR1Mh8yoqIeAiNsqmYYzUxmvtCV1mk8GQnRfB2basrb9xzOxDk9-bVPQHxOYPW9b9bAxteMvQ,icy,ncie,38,757,37,27
K4VbtuPaT5qXq07teJwQhNGAzagHH97ozH4542RtypqAdGQW1aFLNVIINHKH56Bv46RkCNqDwST7Bw,haram,snowy,39,754,63,27
SxIrYNe_LND02k4W7e8pVQP1UnTpb_fuRLx2GN8QhxaLAS97B4CpvMG104FoWlOTXyv4UKBE64-rgg,nightz,aim,40,753,59,27
g9OnOjXCypRs9x8v4YD23Ykrm2eavSjcj4mO5c5Xiw0ZEly84hRTkk6frC4wSaKSafx8buBzZiE7JQ,CC Carnage,太阳爱,41,752,34,27
2dEPtZRlGRqetC8S-AnZ4nX9C57WtNL3iRybUeprJec_NdZzJha-kGov2sWg8HiD-YeYk7cZtxBHXw,SCC KYU,SARAH,42,751,38,27
tjkWiw4D4PpbE29_AXeI1m1KFjslsSfkNEp09TDxBn4H0YpJsVSXarFl0jQltlfxfidwesuB-WnJ5w,Instinct,SSGSS,43,749,106,27
PjVTc6K9LyaiP4JIZgr2HJ61SuXsjPSOWDc7efbyNVUbB5jetW4untWjA3xMjNNvW_h9uBdIhOOZmQ,satellite,7324,44,748,36,27
DVFdt7ZhyI3x5oRGgoD4wodYxUEuia4oMVWaKG9FOqprherR4GoKyYaoWjtWrjcyzZh7AKXNwYtYYA,RICEBALLINNN,ani,45,748,41,27
cCoL3cyUH1RJJw3dHJTFF91PK6tO2fO47XZ_92fcsQOa6lmAc31ASZW88TxriwZu20T5q957I07oUg,sen z,5193,46,745,26,27
HGsTtqVKP_-Dxxy93kPveeONzmqk_u6x5bR6AUa_bbz25OWhSpLssQpXyvbZGnKoN6W3XjeNi9jluA,TTV CRUNCH,VAL,47,745,107,27
dVKMU4lwquEgxX-058Nphuh34qTOSlazk1VT5HjTWJv81wAeJfFGOMROnvICh6RLgJ0j10iPGy4gsg,Jotaro Kujo,087,48,745,45,27
_IwNznMkUvFvAanNG_5QpQFg4cm7p5804jF5UwarUE3lWxHMi68Rmbuo0CnEFYol0l0rwtt1G1wiyg,Fire,James,49,737,55,27
hS1pcT0EECno4c0yeevtenr3Wf544f3ten0uFfjpZN0t5vVTc3OqtWhD7iSsE87KDAU6t_zDzQfOLQ,Jakobe,5253,50,734,62,27
mtemkRQ9paqHy7EYJC61E_CJEMVoEP42vR7rVniLEkYHi3Nxoop2Axe7AIrHzN8Bqvjssmg2FMOfYA,MICKNUTTY333,meow,51,730,88,27
sEJd3FwY-o934fP85eyeO1mEpvrJhI5WwRTiwf7pHxBoLomlNeLFwqlk9zXcJ3ZLHPl9coZNa2_vng,liberté,kiAn,52,730,45,27
PRIP3IhnKG0eVq8aV8mj2VDowYus1tELpeBpYejjaNXsMhzhfP30K2C2YgllIqlseLFcf6I5U10KoQ,chloric,sadie,53,723,37,27
BwDkNcIOoITcTaVTgkbyM3zDa4OaAh-XM2K0s_tXoRFAlyUkfVv7dJNAg3lMXwqe2sPzrdUfoH83gg,sonder,NOJOB,54,721,41,27
wG_R5vn6X85FasjKQWR5fp7zfmGq0odIovG4CHDERCdLx8sTY_qNvOamt41FEhhikZshs9bgxTu83w,yekciR,1717,55,721,82,27
OMdIQJjiHUL1mx6mgvpjEackVA7vBoyk_WXdnd07rzIcrSNi0iAMG3ofXJg4bJvXE4mSBN9w6dC1hA,req,oppaí,56,720,36,27
AMH0uAZwJRy3EjikN9LFnOcIrHmyfXC3ZVAnkOcX9ntU3R5kEsGNZ8XziHQWqQgHPrf8TuNdmTP0YQ,DARRIN D DESTRYR,BEAST,57,716,37,27
pnYgz2yf1WMj2f8oE0RSmYvVrD1AAUw7eXh2ok7k8MKNxB8dKaX74pbPSX5rzcRTFJ3_KIMXY4qWaQ,SkrubbleBubble,Andy,58,715,37,27
eXW2xiMEFrWQzaGw5_fxNIdrIGPqoxyq3gJ1VIaoJqt7R4Lv874XOoN_1U5A_SF_dJINOEHfFoYgVQ,sacred,1122,59,712,37,27
60,710,39,27
2g_usqmn8KNKtjisoI1Eknr7MVjXUgBm9UoLRyXCYN74CqclsRDM5Y1TEVX4xDmNfX-A9qyC1PpYyA,Awkua,000,61,708,51,27
ys90k33b1VlLbQby88CS6XMRc5gqr4ZE3s6wwVugnWxSROvEQbZmFPhMGki9d5gEbpbvlUMMhEOVjA,sp1n,60647,62,707,45,27
IB-aHy6Fj3wr11caeuOBlpRMqSfnzxZIvvA6GQn42Z0Or7tMgjpwthnHJPeXpLjXE-4HxQ1uBKLaIA,BOBBERT ASDFPGBI,DFGVB,63,706,40,27
cvbhlujKAWQOhQvADgJPVlSbFVmDjDNcd67aDjCs0JxJiL0UJeyhaKyGVzwMdKT0Y5xbyoxu_aOP1A,EG BcJ,5FT2,64,706,38,27
b7-Ax2GVQJ6QEoTCK7BBNynBUn_XW9KjCeiUfngvSKT3b31sJZ74xB88EMBqlnEFRUt7X_rq2zdWLw,Apoth,goght,65,701,24,27
F3QKUMmMeHqkhWBllZbPrY3hhZRGgvflTieRI_RJtemucmOvFmQTIs5OCb69t_3jIS6V2srWqEfjgg,BruceLeeVal,Poop,66,699,45,27
VzWGXRTHdmbGizKYGmo1GGgA-0-m6cDxWc_4FPue2gceDvYGCp-h1iS7uH44ubWKI-97z31DorvSTA,G2 ShahZaM,joona,67,698,50,27
tOZbyvUQdRh9Nc-ZWFCvbU8T5N9YSIk2XJBpsce4msJf4ao94rBr9_oQ8VLKxU8CAd3wpSumH3KkDg,Tairany,000,68,697,68,27
qlDB7Lz2Kr3wHjTNkG0TgyqGiGdljvmSiQcmUAjg8ZfKHGGp0Z1qoU2MrKyMLOrf0r5h4qGC-HHi_Q,sphinx,505,69,694,90,27
2OVCBuZkf0LZ8FCyLk3BhUnuQ4A-bD9bZeIVmFkGIhtbbpNhDZ9Qjq02urIJAi9q1YJ8FVtqH8O_eA,mateniles,1of1,70,692,34,27
RmJUoG4GSvIbTWnmpkDWy3wj3N5PuI_G6VnGQtpdhPQ0YJG1cWR0jCJT4jHGzfAdnWds8EUH3kkopw,reformed,bop,71,691,32,27
1AllXaXZiBL21r2TfyPpuxEba6yZnz29gp_KCOWflw8c93iNwQMAjZk2CCeUygPINaxW_1P_yTZwwg,moobs,tori,72,691,34,27
4ExbLSwTWyJi9WIqU176vern7ldcSLLl4whsXV5GCI6edJoFgTt8xM0w86uZuH0bH_jkIy6oZrBBfA,Radiant Ronald,sigma,73,688,57,27
jHvgNiirHrQmED-VwJiUMVcHA2fWGY06tn6n3TPU-pG0nrZukaQhqzeUQUWm0PvAr9MRFrJWHqdocA,Xeetii,yujin,74,686,44,27
aYi3hiaAbVpUkgQHkFNmaTXVL7xGrGFRuA2OQyYED45JRJDXc7VnqMqJOYPRatkwX0XxJLPxhp1R6A,swarm,lolz,75,684,60,27
QVbWYNTKo_qUOs_AM69qYwVF99YfeH-kXxcTUXeCLKYRelAiBT5hUTGnPjofW716Jk2qO3RRld8ILg,PIKE Slammed,MSU,76,683,33,27
AIFDVS_EwZ2q1oM8zwgKzTsWpH-WHEaUVFh6MLJN0SOQjJmvpBf-4xw4DiHOVgEe8n5YcUqM6JVomw,CSUN Ara,Cute,77,683,37,27
bVVRqE754n9pNtHbRXLVdgj6AiGRrtHaSa4TjKkZpmOqXbkOTDJiMidcT_75NXfa-l_2VwrU66X6aQ,broski,wety,78,683,42,27
lfA9gXYqg8M82g6gHjfuWzMzYjXy4SqKlOHgXxefrs0pE7TGQsisd1zwx-5L-afNt5eMUizdEDS7vg,edna,0000,79,680,36,27
79BzVfgwZfdCi7y0R_gBcunrN2LMPopm2pMn-14opCzw5XtXw4kLni_RVJCrrSgdPagcDFNNqXHuQA,AKM GaryDaSnail,Dingl,80,680,43,27
gBgiHjo28B-kBl2nUu_nm6uIKVg0d2E1akEqJvLRCvgo-AhRbFxZksDPYdpJCDqpXg8IztDws7cCEg,corey,1313,81,679,34,27
82,678,63,27
6GxzO-Tcc5kXtHw0OJDwIx9D8NrDXSPx7omGRDzaATj0f3FscQAF6JIMzkFiNEDA2uKnMHCDpkA0xA,add3r,help,83,677,37,27
CCGUJv8eSKw790f-CncRlsWONVbd61EjhmX2SPaQsb_JCXvKWlTCe-dSaShr6NIGhhtM_F3_Ll2zeg,CSP Cheddy,1TAP,84,677,79,27
AQJjKG2hXwJpACenVSExP4ZXQAhA0dPyjUo0ZhYY5tOnlWLG9p28x81DSisl4l_cuBR9gH5mlFUsFw,Wicked,leah,85,676,58,27
uOcrKmJnrAgM8aBkkoYRZ-3plUiN9qcc4sBVzsrtMceaA_pZ9xDu7bwhAX32KX-r9krMbmdJcnEkTw,storientwi,idc,86,674,66,27
tP-zTADxo7K_KIMcVCa3JPzpJkM4N8N2KgJVKZDr1a7gVcTM3l1aBEQ1f1XYZLrvboNhRSKUQhTZ_w,psyche,psy,87,673,36,27
sC-a1xIqmb4wnVV5ckm7aY9vPSDcXr6AK5EmAlTxI0ty8ldyuE9wKajCa3-kxTKoBhBOsaTKPJ160Q,nabil,jess,88,671,27,27
uvnOhQS22IXwLKhqAVW72JGh1iTswBKkjvz6WBFbuPVxANT_PkjTvO4TpB9AeXUcSMBmgsZ9kS4MUQ,dedmos,333,89,671,82,27
WW_kN001WLEgW3_0LfkD6m4rDfupduvWVfRhVJYxDYVENuI09YwrI8RM8yyGwK33AfOHPjd0RYh8Pw,OR nillyaz,sosa,90,670,27,27
u5pdezEJ3RUiKWkgFQ2uqKUUihxUJOHXHbe8nlbZ_IPrarlX7IjtJUx3DBQg3FgXcgkjWs-PhcbWJA,DraYstaR,zapr,91,670,42,27
U_47DecoCj3z04XKxZMbkotyFEfYOvlY-dKfCQobuNFxLzHuMijn4vfog2B8GmgP7C1FFID_ciRpKQ,Shadowz,DownB,92,668,39,27
VRbU1nhEPeIIZsH0RkIjHm84qiA3GdFrQ1Oe42-_FKjVtnmFXwmyFjXCH9JeYv35ogkJuEuv651Pnw,runi,jess,93,664,39,27
_-hWiIYJ48Pd7MsLiZBSsIDs4G27YyzGdtxPKVgOQUZYpkV4ipHbCEFjzJ3LzEORJHl-oNPW1Fqg7A,nokAY,TTV,94,663,54,27
3K7Zxz4psmuoO8P9HPGwFQJlrlY2Wl_c5R7vAnr3ptUM0a_34M105yz4Nv6AtkN_qxwRTHZDHti4Gg,Derrek,100,95,659,37,27
MQySnEbl22faFleDUxFdKkclr5FUumw96B4k8soao0bGEINsaeMfkrLih_k_ofYHpzkeEGKMOpyksQ,Miku,NA1,96,659,50,27
Z2qqnJ5loLSju8iGDubSPnenVpgXlckCkkr_Jy56STaNXY3CwN1yok4umEXutiAJyCq5XBu3Ce6Ceg,SEN PANCADAAAAAA,bryan,97,657,28,27
dOn8wwug8Wj4tTkfJLt61SW7xmnIGlTjE3_QsekO4dlL8l50u1TLkzVI9ZDFhURuqkPoucC31MAMdw,NAMI,SorGS,98,656,40,27
RqnwhMQo7xuN48bREqsXRJ90sZsXcZJZRnUrBh78foAyA9v3Qa1SeoAqiYJvhgWC2eenysvBojBRdQ,mr fartfantastic,fart,99,654,31,27
yIBlDxH_JuO1hgV5qntQghLb-T21n6AfiFhhCPRlnjbbvNjxuFae1R46ZISmRs5li-abYTPVoE_jjw,CoinFlip,heads,100,653,48,27
Kb_wg43djIpxhmOfemx-YOF85lqf7BSY0LxZ3DeZTtwVgM7YgwIeduwnQuFPmSS8uZeXhrDOXy6Zvw,TTV Banh Bao,BEAST,101,653,99,27
ZUmOLaXzXx651Tl7rbgekPhPF__y0u_jPR6xmaPj8vvJFK7vKluPqRLJ6BfDCaRpYJYt4usvpS59Gw,Clewy,2rich,102,650,25,27
6fqoiQFanY-SfDXVEvD25EBpoT7uHGwyuJvTxKTpWWPeJNfl8qfpOycSjDP9Ps7N_IhNKGTZm8CE9Q,twitch kiro,anw,103,647,70,27
I1KZAoQcn6CrDzIZZIiuKSIWAfzmsSSlFg_KF2M2zuUMOrmqQvGyDGEY7etiE_h0Mvtd-FPmVf1Vcw,Sworns,0120,104,643,33,27
HIUMoURTdGqG7Nxly7DIkoURCKK1xXHXJ76ENQE7Vjk_kyznzV8GcSvW2TbWmVPZ-M_jl9_xlSE3Ew,CHRISTIAN DIOR,2nice,105,642,34,27
NfcUE_1X--TCSf9635nt0vHtXfqTVJA2ur4E47dUVJhL4547_-74nF51_LtRbYufX-m7Vb_F4qZofA,Torrify,H2bH,106,639,33,27
mm1Xcu5B3BywJZvgHMWvd8jbCNOlI3IxTn1gNPzAGJO8qKnsuWxGHoXMcwVVEFe-wnyS_SGpq8RX7Q,Muff1nkat,1111,107,639,33,27
yzO04chcHZCMVRkBSQdx2QZWUCE-K9gdxf6sibdmQ8PKKfHTorWTFixYCoFwAe4yVSfMc_r3-kQQFg,tech,777,108,636,27,27
aDiwyA_vnFjizjVNI6vuDOjIVh77BLtEslh__fa00183Cuj1hosxOj_qqIO3WlQzB60saYJCiJSKbw,ocean,0707,109,636,40,27
110,635,40,27
ZfhF3SlLTzlkaBBXX3Js-WFhAiK0uVqBr9OnLjgThRTIQXkA8Op_6bMSUJIMVezsWMN_3G2-2Z4dew,Dasnerth,KING,111,635,44,27
Ew07iwaUq0HpxHMRqTAYlsY9sinvhqZsxktAl2Wma0ubbQrh9PSskaPB-O3z351dbaYENnXna1IC9w,McLovin,FPS7,112,633,74,27
4PwILcO72g_CSRRK5AHOwnzw_pvxkyDPvRYpYGDCBuw5SZ76jqurcb7Oe2awSm0zqLnO6a4hQ3XKKQ,Pyro,1012,113,632,26,27
kIGJ_DtDebGxSuRXSDSVYWEQ_uXCcFdHzOJ9OS3ZKLz7cVkfg7n8TlP9e4uL7Xf_sEGvpa_em4WHEQ,Crazymojo,9669,114,631,27,27
EglG87LBmsd8VT1gnhQgqHawKN8bclGrcQvJFCfy3OeOCdIVz1bAn7hpYIDM72kaqjRGSWGn9Xc7Bw,MXS BRAWK,kels,115,631,25,27
R9VV5h_BIqIC9oOvKX3tcQCm8-r5EB-0NV7Z8zDuWkUW9G7c_7H-TzOZT-6b4Y2hlO7-ziTdv219nw,huphh,FCity,116,631,39,27
13LaXBE-d45NFxRyUBJ481jfDELcOb2qBNL0j6GoHVlT4G9oou86razfSqXqAFGIMSO3EAdtbvvT1g,gMd,DADDY,117,630,46,27
SnOIt1CVvXAsrom_gE5bnIMRhWEZ0Fw3ubLcp1-Oi4XNpALWBjl8F7T0CxsnCQ-C7yi4k3IRSdycMw,sinatraa,rich,118,630,78,27
X2tgs_afMV7cAfRrY3kjVGWBC8GXg5lAs56CUR1GloEmU9MPOAo9orrYgiDOv4E1gWFDRmu17KsabA,Jonaaa6,april,119,628,24,27
R6Ar24Dw0jR9mBrPSN4vCtgcmfd7HhMBE6rElZyFYZCpVvg54GAmrR0gUOrcRhZJZc6wBt-UBn3c5w,austifrosti,1146,120,628,23,27
phU4tn-T8GZAxrV0-2swVYg5VyyHgEZLuBbt2IcIChK-ZqZNDmJtZpFlb6mLJ4uWx4V0j1jOK6h4Hg,duck,azor,121,628,44,27
yaTTIkBm-MtPQMGw00Ludy6Iqp9X8nVNLiTvClZIF_ch-fw3vi1mjm4kiGlimvfr-tGcZwK_rZ85ww,Loumac,main,122,626,75,27
phFBweOgguhQlX3qhxxiyEN0wsfcripQqRj4ehBZwoyNVQcR2WyGTVrjPbA6O_LlXMpZq0dTp87FQA,trub,2006,123,623,34,27
iAAKQN74QmFXCKal94RFNVOJBurhreH6c30BqWFA9XiBPlzIGvlm1YwMsokL3cK_G8kNpwy75DhDlA,pacsunes,777,124,623,49,27
125,621,37,27
CNdtd4EKzk4YBHWv8kxK13sRVU7dQ-XAEUV-rgTsOtegeDt8ckWBrtrvNluL5GvtdbNI8oU5KcaYMg,k3ni,777,126,620,34,27
127,619,60,27
PQJm6pXsv2WOUZfbsGAJw7RX8uE-5Q3hFmcPOTppqLvIuIndyEwOB_ewaD--w9deVUCwdqcJI2IOyw,Grim,main,128,619,32,27
ln1UEN3ZTMsO9eauVP9qeXsbuAHB_4qnanRop5zx1BTuhu6dE42kVioVTxqx3GvdPFAXKhFfbH8CwA,Rawkus,1337,129,619,40,27
PqqCTMUvq8wdrWxWZWD8ExCfmPZWGJIPlpDgL7dkNGp-KKJ-bdGc7n73td8G4NcaXgCAv-KtvMNHkg,JAVIFASTLIKETENZ,WIDE,130,619,43,27
Nz4eNnAEqWBqLCNQGqdIVvVls1whcMzAiv62KxHBeFQoQK7sbS9q_SUKbZea7Fk4rlwuXG9Xd7vZjA,CC Legend,9520,131,618,34,27
DdoGqrlFWPtVkxhhq1N8yrF6y2EsPQPeMcV5mqYQ7twJETCyDJ-jKR1buK-ubnlKmqkfMRjBZRkLBw,jake,401,132,618,31,27
2LYp7Al1VfqSr9nu1mjmcD5NddcLSS0izHx7sfFDLAKCKYMqSLXTu1DYvLJhtGpXYXHUPJGE2UFbzQ,babe,ﾒﾒﾒ,133,616,28,27
NWgmoz-C40RB2z0PWZxDeDs3xuTrpUU3UyNG8qB9YObXM5X0dt98OBJgMBdpRxpalgspQweR1K8vTQ,Destroy lonely,恨爱 X,134,616,38,27
135,615,36,27
Jbs_odnTSpYjE76f-PIcH5A3AUbx_-yBZScT7R5895PGPqzS4-IAbUf8kHhcVWI9zlZSPdCvdk85JA,dogo,zero,136,613,24,27
sSWOqQ8KYNzIcqV1rFgScPg58wh-XhJ0w9LkZ3s08ALlHlalAY19s9RRsBHnkR9JJ8r7f-KDFfI5pg,d1ve,NAS,137,611,31,27
fw1QN7xL6hiR3EMkaF03IFEf2pDED3wJE0nF5BEHY6xnWk4l4AIqWTP5jZMJG-3k2b-kuj8A5kkpBg,RESHURA,Quynh,138,609,23,27
4vp-kNtpaFcAJnclWRQp_eMfCmc0zWmD7oWUzZTir6QFRkUphqfQQRvwh5hqrctzXmdsl-08vnThAw,opTED,noot,139,609,29,27
-ZCUe_tYetzQRt4xiFhj6EtifizzKR2CZ19yArD7kEk6fYoSF8OvU6o4AkIl-Mtn73Lv2O1EFdpm_g,Ducky,FEVER,140,609,26,27
Qq3dasL13-XsqVZxxWA8p4CUHwvBs3QzIRFWr_5NopVnqjzfl8WqL_QGfcesQsLPFLLD7T-xe0IC9Q,Goldmannn,FIU,141,609,35,27
AQDeEZ9ozX21xa4kBhzLATM53pJvqWk7HplXpqBpmbNQ6WQj9YpnYPf80tM7Eqzi6SPQLSbgW3ajlQ,puff,33333,142,609,92,27
oJ6B3W_QBUG30NnWM03llDqcwfv-RL5h4BIWHq-pKJGDDgWC5tRijTcM_iHpr_QhiftW563L6cU9sw,Dinxx,frog,143,608,24,27
QNPj6X9KP4Q8fo3toPNAsB_pnt72nXIUwtq5dGVxcIkqr4vbsT-MDIFb_Mj7XtYvigGLVtj7grDEtQ,rawnie,black,144,608,47,27
mehmnYjLle7nhvAsoWmlJ3Z7NxhZyuL9Ok4Wu-iQD4slWDqC7Blo8w13rDKZ6zl2ts8IyTXYX8I0VA,Clutch,meow,145,608,45,27
Rc5hUugJA-8jDHEKC44WoLb5u9VDvmZ6AHnHQrApzwV_10pKTxETP2Km7niTc0CU959PtaVp_n6Xng,tokyo,yay,146,607,32,27
ELiyWWWVXjJXrHqDc53zyEWNsTlGjix5zdpCaSDum1-K4Jzcqjmnjmr0LuhFQ1JrH4q4kaBKLYc5nA,PA1NT,Peak,147,604,27,27
3RqVubbUcMzPoFIVHvuypAMNkn7kdXoywVoN2gQaP7QukXkApA_1_3v2ZJky0rt3xVog_3k-BGiqMQ,LF GOTH MOMMYS,DEAD,148,603,70,27
jzi0tqc25zLLUAzUzun3qW4RdbxbSmH3AcEqvFpb1myiCaeZSYVquzTVgHqpdpn7vmb9d9O5Dwyi5A,Sharked,KZN,149,603,74,27
V22iXi1HVhVtW2pHHSU0RMexHBmqMzzEeyer1S5Oxpm8WC2ANVKm2fwebmj56yJ7nNcsh79hMFBewg,Freshtzin,000,150,602,49,27
-VejQ6lhJSXQ-2cAMW3LC7kTdx9HA4EUe6kIOJY1UMv-0VDMruNX9tnQnVtazgC-Q52xqB3W2XtSkA,zurc,444,151,600,27,27
S4iHh5HZ6IOpk2RyBro9fHRYlymlh1tE3VyRHFnTVPbd-8uJQuIb0bZhwcLueI9zay9DZKEszPvnLw,habibti,manda,152,600,47,27
l3YaZC1KCYlyYNqZ4h24DaZlcui3NNpbnML_ebdSirHyoB9qi5nwLecgQeI1sMT-b2c4PmdytcBPbQ,RYKER,ZERO,153,600,46,27
iPKbmPC-oRWeEt1OAilvrAp485aXY4746-rOnlWoIjZbPojAaA1I_mMjPEhhjw-gN_129ycPAo53eA,scarn,3DWN,154,599,25,27
NBV0WfzrGBRRUTDk0sFqfiRX0N2qqlLEi3AWXhktYRoxw1hkja2kmh0N511I5VeXGOar5O_tKqh1sw,shondex,snx,155,599,22,27
-3Zoq3ZUEQwrgiSaBxDnvmPEqckFw-ZfhHxAJ20NZV5JkuYq_E-NpHIR6qaj7K4apfER4pADkqhI4g,Sleepy Femboy,Emi,156,599,33,27
G_PiUhjApmZCTZ6Fi-4wwTKToW_NSbJlJyyyt0kueTLS_7ujVFMjYsbbqoWNYNUEbJlpiDsWEds0ow,CSUF pashab,pasha,157,599,42,27
5lAFopRg_IjZmWBqBzx0sjKnrQ_Wx8RRhuk31Wd-MPxdgfVYmOK_DZGz5dPd_zpVcnbdsYLssFAfkw,AVEHAN,booty,158,599,29,27
EZxzwsPzZg0gHk_tL3xT665GtSCCp_4XD54_j2tTKWnisdlqH7RQNf-U89lWSYYcCQxyEzDoeRIRvQ,snowing,kim,159,597,31,27
hHC1Xa9mPob5HIejzPwuyLabea4iLU3jQGKfkKa66tDA-7RzYZb1JLYYWLvnvYBSVvQS8Whamb8AlQ,Critical,80085,160,597,28,27
RQw-3HbXJ9IqpaDLFBT0jWDoepCDpbkaTA81w9wSzxEt3QNddC_82QtYQmPdwndl-VZ7mH5cWKu3xA,noahh,rich,161,597,55,27
XhdEqr5NqlfM1-L4LYjSbQCC9unR94h9QUScjy1SouIX4XMnURfETfvENHll65LX9u6VJZeD4QekZw,A1MBOT,6028,162,596,29,27
HTSrAcMudEW559wcxFsR3DqhN66rocpp3Q6CQGUMlvrIIUNM8ZyQqB41lJOoIeS30GWvFsmW3vCTFQ,THUG LORD GECKO,2007,163,596,50,27
_QxdupSoAmOg_jz0pA5FOh1ny4xKQs4EKZXln0napRndxM0bCVBbfiwdDciTEnEuEF8yRZ-qRwAYiQ,XYoshiZ,zoom,164,595,38,27
5MLiFq3taLlzSjFFF9kmY6OvDvg9khdqr42ZcrKR_9t9OgTYar4O5VexCyYBN2SxuPDqBcxefy_OAQ,3281947y23895682,12083,165,595,36,27
yH4NasIEJQxTLN9RxYz825_09OXKAdcLAYwaBj1guOzweb7nDgqPxI3PbsOMP54y1tnaGDNpavQp9Q,noei,SMOKE,166,594,30,27
scCQW9nw687d7uE1RDc9nmEKawC2hmgY6vA11bI60g4VTjeqibOrUNCweFF6oyFRoIhcBV-gsKwBHw,BlanK,tulip,167,594,47,27
r8ZZOFnk6KbXKz1dsqlJ7y9DnzZaU9ZNO75FEe5d10GBfSfgkJAApjBZur96hqt3GzkCSfoIzOeAYQ,altaria,khou,168,592,27,27
NLHfGze6-Q_aFHZniuena5-5Nxi-uafcXxbr08cUhAH9EV_bHx5UzeNbZhANiH2PWpWIFq-Mh1HS6A,flyquest dodonut,bx22,169,590,24,27
86VkCvTl6wDh5qUFQEaUuX43pnkixNCViMOU523CvU68keeULFMnuP29mGjA5oT6fWSOEexqcF1oVQ,azrex,000,170,589,35,27
Q1tZ_-LZhtfBjV7Txhi1OUys5NkqybZjNUcjH-O2pTZ0LJucWk9K9or_oLvIwoAy0_8w1pcv-wF8gQ,Soop,hater,171,588,82,27
kLtY8dcmFtAaxKgHqebrMcLCWWei2yd2coNsBR_BiMoUNxJC3PHfAMdUCTDptowi3x25bY9K1DAyWQ,Enzo,D4C,172,586,65,27
55LZSPAOk_SmqfIrqJQ1-lruoykJKr8bAY2TktGjwMern0LuwxlA-hS5scCKAlFeqhONQbvq5XV97g,Twitch Jerrwin,eppy,173,585,31,27
mZYG7NaPArnOoLDFOfTWE5mfKrJLciMein6KTI2YllWaIdx3XcYaCgnRbNGrzoIv6rLclbo76zV3ug,yhury,XDD,174,584,20,27
fRDd22OjQPrmxbJsJmNSPBwcFgd4FnU8coP3e0hjWSYvgoLQsDSKobQXQ2UPY5ul8M97HICcZjatuw,bless,tonio,175,584,24,27
aznQSTNfAU9F07oxjOB2ICE8lPgLRK4P_NuD4ijxzWOrRxo7qVqhgqhVIf7WxGbcA8FvJzPLq4QzVw,DAVID,han,176,584,34,27
drwk61zxQ3p92vMfDOBK85NWSaGPpcTWahTYrcgAMkW6Tdew-vZxkbLd06jL4B-_f6PBJ_XlXCp5eQ,JoBa,boba,177,583,22,27
24OofLGkl14i1OnzNGc4tibqf4xXKTl0-wAUSdF3McszRDk4qKePHbukCa44obftc3Z4Qs2-vc8GQw,BLuezZ,MAIN,178,582,41,27
e-OOgV_JJLK2kdXg6xDayYyJB8_ge1A45KQXpsBShxhDUgsWhrXDIWiI-KtpFjgZlNLr2us-R2RgTg,SR sarah,arf,179,579,21,27
QwVgVnoIFjOK_2i1i0pKTvsvJ0zk9Rws_aVOIc3BzjRp39pIrnG7KCIEiqfobi5cErcnLboDXpzWOQ,KOAL Nukem,Mist,180,579,40,27
XOwPSY2XrI_VTfIoKAxNqnyIbmv6mcBSoapSyqowluLhJxEjgzX6dtZ_yNO5LwvqiQ6T1Rx983f-cg,ghoul,okst,181,579,38,27
qkQdONC7ZzJJJJIjsguuwhnvZdfTc2sYuItyvMZtdlQHYahnOpcWdXScc1xm_7-OeR5Rn008mAJWqw,M80 Zander,swag,182,578,23,27
aSSnQfJy7tARzOEWVRGiuxbEnQYTJ89jY8HEfscffbc88yyVwDlXYfh6lZ1O3a6J3JZc4zZhpTb8XQ,Savyo,Arab,183,578,30,27
maWwH4dSr4-ww7QpTcPwXX_wspBJNSGQT5TFJa5pQYa2pAdPUSR6rqBsXGZXvy9T7-rM_peMIWZpEQ,Freee Palestine,Hkap,184,578,39,27
185,577,22,27
KcjVz4tEU61LX7xdTNAY14cp6cvGV8HmjALqmY45jS1f9B-vl3t8FQZle8_yC6OzEVShnAxHafvkKg,Nate,4223,186,577,23,27
187,575,24,27
XJ0zaq4Da9BN20rSlZ8KAKwhd9sJv_2lk321SwYXBNM0oi139ka0spka4WC15ovwcHmMohR_-fXrXA,zerona,999,188,575,41,27
0QicFlaIPi5NkV0Z0UrpwETmvxb-Z7wbVeKEgGvrwJ7BQOkakki3cwbb8I7jVkTabe0gn-rzMNVuHw,Xandineee,7777,189,575,40,27
vBu9emK0HOwoPacsS9aRu376ZsFclLWHqDH_UNn3gmMHKAsmO4HlIecODA7KVCLsE51NT4uee9qawQ,PositivePapiCam,Tommy,190,574,35,27
e9l9dCoVvgST9vgS3x9JEbsLVeRQmYnbH9wqtAKzCY4WlcSoknqwvQDYkqHKnOhSIiHixtE4U05rRw,FaNbF4,Brown,191,574,39,27
6w9SM-9CBvYgR7mJtnN_0fg4aRZ2p95gJ6R4DiFfbUbGcJgNF0m1v64nk8dICF2LjPVLIVPolLBDSw,RayUndaunted,Admo,192,574,49,27
t6BYBOc0XzbLXMoAWO5ukvurF69MnH_r02HC3EyvfXoEHtfSBzJHcR1W5T7DGVPqfCxPB7TxeSOtPQ,Zamal,29a,193,573,25,27
-43vYDlUbjKv8gpzDk_TsVtSlfY58O6aDbVwmlKheM-Ix27MoxGAZh6ye1MwpVTROsmjFyocS3ZkSQ,A77,ttp,194,573,28,27
SEswOVNYy9PiSBo1bW08twUb-FVluF1a3nC8-_RsEgaLp4qAoWbvN9ESSSDkpRomijC2HANHoJ4sMg,SUPERKESS,moni,195,573,33,27
5_mN8b9M-u018onMbsmJJYoXt5p6aDTreJGu-F-cWlYFnWwd7pspy91AVWA7f1novdfEE3j5ENiZBg,Thieney,NA1,196,573,33,27
d0q_6hotAoxAFVY1G89mZTglbF3oyWVMpP7Qld1tbEuk6OWdxg1d16WTZvq0N68G8PLFxG0wfHGaPg,7urg,sow,197,573,51,27
198,573,70,27
199,573,57,27
RA_txkAu8wcakm44PCLZK4Yt4DshlX2hsc6TJWFUqQB8tj25YBVzpyckaHJkq_YVpXKmrGdotKniGw,seraph,0002,200,573,37,27
